Status,SO #,CSR,Unit Price,cFVersion,fBase,On Hold,UOM,Ordered,Picked/Shipped,Balance,Available,SOP,PO #,Sold To,Ship To,Ship Date
Open,S2508375,Brittany Lee,$7.35 (yds),CT2222-1,CT2222-1/0,"<div id='holdButton_25764' style='text-align: center;'><i class='fa fa-toggle-off' style='font-weight: normal; color: #ccc;' onClick='setReleased(25764,0)'></i></div>",yds,1000,0.0,1000.0,0.0,SP2508172/1,18731,Reliefmart/Ultrabed,Specialty Mattress Inc,
Open,S2508202,Genita Harris,$12.21 (yds),BK5425,BK5425/1,"<div id='holdButton_25590' style='text-align: center;'><i class='fa fa-toggle-off' style='font-weight: normal; color: #ccc;' onClick='setReleased(25590,0)'></i></div>",yds,2000,0.0,2000.0,0.0,SP2508090/1,4600002032,Pilot Tasit Koltuklari,Pilot Tasit Koltuklari,
Open,S2506504,Genita Harris,$12.11 (yds),751SM0780,751SM0780/0,"<div id='holdButton_24722' style='text-align: center;'><i class='fa fa-toggle-off' style='font-weight: normal; color: #ccc;' onClick='setReleased(24722,0)'></i></div>",yds,300,0.0,300.0,0.0,SP2502168/1,39109,"HFI, LLC",Shawmut of Clinton,
Open,S2506329,Genita Harris,$10.76 (yds),751SM0780,751SM0780/0,"<div id='holdButton_24547' style='text-align: center;'><i class='fa fa-toggle-off' style='font-weight: normal; color: #ccc;' onClick='setReleased(24547,0)'></i></div>",yds,1300,0.0,1300.0,0.0,SP2506148/1,1007137-1,Sears Manufacturing Co.,Sears (River Drive),
Open,S2506328,Genita Harris,$10.76 (yds),751SM0780,751SM0780/0,"<div id='holdButton_24546' style='text-align: center;'><i class='fa fa-toggle-off' style='font-weight: normal; color: #ccc;' onClick='setReleased(24546,0)'></i></div>",yds,1300,0.0,1300.0,0.0,SP2506148/1,1007137-1,Sears Manufacturing Co.,Sears (River Drive),
Open,S2506327,Genita Harris,$10.76 (yds),751SM0780,751SM0780/0,"<div id='holdButton_24545' style='text-align: center;'><i class='fa fa-toggle-off' style='font-weight: normal; color: #ccc;' onClick='setReleased(24545,0)'></i></div>",yds,1300,0.0,1300.0,0.0,SP2506148/1,1007137-1,Sears Manufacturing Co.,Sears (River Drive),
Open,S2506330,Genita Harris,$10.76 (yds),751SM0780,751SM0780/0,"<div id='holdButton_24548' style='text-align: center;'><i class='fa fa-toggle-off' style='font-weight: normal; color: #ccc;' onClick='setReleased(24548,0)'></i></div>",yds,1300,0.0,1300.0,0.0,SP2506148/1,1007137-1,Sears Manufacturing Co.,Sears (River Drive),
Open,S2508383,Genita Harris,$12.11 (yds),751SM0780,751SM0780/0,"<div id='holdButton_25772' style='text-align: center;'><i class='fa fa-toggle-off' style='font-weight: normal; color: #ccc;' onClick='setReleased(25772,0)'></i></div>",yds,200,0.0,200.0,0.0,SP2505131/1,39287-00,"HFI, LLC",Shawmut of Clinton,
Open,S2507318,Genita Harris,$12.11 (yds),751SM0780,751SM0780/0,"<div id='holdButton_25180' style='text-align: center;'><i class='fa fa-toggle-off' style='font-weight: normal; color: #ccc;' onClick='setReleased(25180,0)'></i></div>",yds,200,0.0,200.0,0.0,SP2502168/1,39109,"HFI, LLC",Shawmut of Clinton,
Open,S2508170,Genita Harris,$12.11 (yds),751SM0780,751SM0780/0,"<div id='holdButton_25558' style='text-align: center;'><i class='fa fa-toggle-off' style='font-weight: normal; color: #ccc;' onClick='setReleased(25558,0)'></i></div>",yds,250,0.0,250.0,0.0,SP2502168/1,39109,"HFI, LLC",Shawmut of Clinton,
Open,S2505472,Genita Harris,$12.11 (yds),751SM0780,751SM0780/0,"<div id='holdButton_24182' style='text-align: center;'><i class='fa fa-toggle-off' style='font-weight: normal; color: #ccc;' onClick='setReleased(24182,0)'></i></div>",yds,345,0.0,345.0,0.0,SP2502168/1,39109,"HFI, LLC",Shawmut of Clinton,
Open,S2507181,Genita Harris,$12.53 (yds),721SM0627,721SM0627/ALTUS,"<div id='holdButton_25043' style='text-align: center;'><i class='fa fa-toggle-off' style='font-weight: normal; color: #ccc;' onClick='setReleased(25043,0)'></i></div>",yds,546,0.0,546.0,85.0,SP2411185/1,A5000133,COBO SPA DIV. MT.,COBO SPA DIV. MT.,
Open,S2508118,Genita Harris,$12.53 (yds),721SM0627,721SM0627/ALTUS,"<div id='holdButton_25506' style='text-align: center;'><i class='fa fa-toggle-off' style='font-weight: normal; color: #ccc;' onClick='setReleased(25506,0)'></i></div>",yds,546,0.0,546.0,85.0,SP2411185/1,A5000133,COBO SPA DIV. MT.,COBO SPA DIV. MT.,
Open,S2508497,Genita Harris,$12.53 (yds),721SM0627,721SM0627/ALTUS,"<div id='holdButton_25886' style='text-align: center;'><i class='fa fa-toggle-off' style='font-weight: normal; color: #ccc;' onClick='setReleased(25886,0)'></i></div>",yds,546,0.0,546.0,85.0,SP2411185/1,A5000133,COBO SPA DIV. MT.,COBO SPA DIV. MT.,
Open,S2508201,Genita Harris,$12.53 (yds),721SM0627,721SM0627/ALTUS,"<div id='holdButton_25589' style='text-align: center;'><i class='fa fa-toggle-off' style='font-weight: normal; color: #ccc;' onClick='setReleased(25589,0)'></i></div>",yds,1422,0.0,1422.0,85.0,SP2508089/1,4500947252,Grammer Deutschland GmbH,Vowalon,
Open,S2508484,Genita Harris,$12.06 (yds),641SM0693,641SM0693/ALTUS,"<div id='holdButton_25873' style='text-align: center;'><i class='fa fa-toggle-off' style='font-weight: normal; color: #ccc;' onClick='setReleased(25873,0)'></i></div>",yds,165,0.0,165.0,0.0,SP2506113/1,1007137-1,Sears Manufacturing Co.,Sears (River Drive),
Open,S2506326,Genita Harris,$12.10 (yds),721SM0470,721SM0470/ALTUS,"<div id='holdButton_24544' style='text-align: center;'><i class='fa fa-toggle-off' style='font-weight: normal; color: #ccc;' onClick='setReleased(24544,0)'></i></div>",yds,500,0.0,500.0,649.2,SP2506147/1,1007137-1,Sears Manufacturing Co.,Sears (River Drive),
Open,S2506325,Genita Harris,$12.10 (yds),721SM0470,721SM0470/ALTUS,"<div id='holdButton_24543' style='text-align: center;'><i class='fa fa-toggle-off' style='font-weight: normal; color: #ccc;' onClick='setReleased(24543,0)'></i></div>",yds,500,0.0,500.0,649.2,SP2506147/1,1007137-1,Sears Manufacturing Co.,Sears (River Drive),
Open,S2508483,Genita Harris,$10.17 (yds),1SM0470-30G,1SM0470-30G/ALTUS,"<div id='holdButton_25872' style='text-align: center;'><i class='fa fa-toggle-off' style='font-weight: normal; color: #ccc;' onClick='setReleased(25872,0)'></i></div>",yds,1274,0.0,1274.0,0.0,SP2506096/1,1007136-1,Sears Manufacturing Co.,Sears (River Drive),
Open,S2507086,Genita Harris,$10.81 (yds),1SM0470-30G,1SM0470-30G/ALTUS,"<div id='holdButton_24948' style='text-align: center;'><i class='fa fa-toggle-off' style='font-weight: normal; color: #ccc;' onClick='setReleased(24948,0)'></i></div>",yds,200,0.0,200.0,0.0,SP2504202/1,44430-00,"HFI, LLC",Shawmut of Clinton,
Open,S2506235,Genita Harris,$10.17 (yds),1SM0470-30G,1SM0470-30G/ALTUS,"<div id='holdButton_24453' style='text-align: center;'><i class='fa fa-toggle-off' style='font-weight: normal; color: #ccc;' onClick='setReleased(24453,0)'></i></div>",yds,1300,0.0,1300.0,0.0,SP2506110/1,1007137-1,Sears Manufacturing Co.,Sears (River Drive),
Open,S2506237,Genita Harris,$10.17 (yds),1SM0470-30G,1SM0470-30G/ALTUS,"<div id='holdButton_24455' style='text-align: center;'><i class='fa fa-toggle-off' style='font-weight: normal; color: #ccc;' onClick='setReleased(24455,0)'></i></div>",yds,1300,0.0,1300.0,0.0,SP2506110/1,1007137-1,Sears Manufacturing Co.,Sears (River Drive),
Open,S2506234,Genita Harris,$10.17 (yds),1SM0470-30G,1SM0470-30G/ALTUS,"<div id='holdButton_24452' style='text-align: center;'><i class='fa fa-toggle-off' style='font-weight: normal; color: #ccc;' onClick='setReleased(24452,0)'></i></div>",yds,1500,0.0,1500.0,0.0,SP2506110/1,1007137-1,Sears Manufacturing Co.,Sears (River Drive),
Open,S2506236,Genita Harris,$10.17 (yds),1SM0470-30G,1SM0470-30G/ALTUS,"<div id='holdButton_24454' style='text-align: center;'><i class='fa fa-toggle-off' style='font-weight: normal; color: #ccc;' onClick='setReleased(24454,0)'></i></div>",yds,1500,0.0,1500.0,0.0,SP2506110/1,1007137-1,Sears Manufacturing Co.,Sears (River Drive),
Open,S2506240,Genita Harris,$15.83 (yds),601SM0654-2,601SM0654-2/ALTUS,"<div id='holdButton_24458' style='text-align: center;'><i class='fa fa-toggle-off' style='font-weight: normal; color: #ccc;' onClick='setReleased(24458,0)'></i></div>",yds,200,0.0,200.0,0.0,SP2506112/1,1007137-1,Sears Manufacturing Co.,Sears (River Drive),
Open,S2506233,Genita Harris,$11.97 (yds),601SM0312,601SM0312/ALTUS,"<div id='holdButton_24451' style='text-align: center;'><i class='fa fa-toggle-off' style='font-weight: normal; color: #ccc;' onClick='setReleased(24451,0)'></i></div>",yds,198,0.0,198.0,0.0,SP2506109/1,1007136-1,Sears Manufacturing Co.,Sears (River Drive),
Open,S2506238,Genita Harris,$11.97 (yds),601SM0312,601SM0312/ALTUS,"<div id='holdButton_24456' style='text-align: center;'><i class='fa fa-toggle-off' style='font-weight: normal; color: #ccc;' onClick='setReleased(24456,0)'></i></div>",yds,200,0.0,200.0,0.0,SP2506111/1,1007137-1,Sears Manufacturing Co.,Sears (River Drive),
Open,S2508125,Genita Harris,$12.55 (yds),701SM0824,701SM0824/0,"<div id='holdButton_25513' style='text-align: center;'><i class='fa fa-toggle-off' style='font-weight: normal; color: #ccc;' onClick='setReleased(25513,0)'></i></div>",yds,138,0.0,138.0,0.0,SP2507108/1,1008229-1,Sears Manufacturing Co.,Sears (River Drive),
Open,S2506008,Genita Harris,$11.47 (lbs),2140390,2140390/FF,"<div id='holdButton_24224' style='text-align: center;'><i class='fa fa-toggle-off' style='font-weight: normal; color: #ccc;' onClick='setReleased(24224,0)'></i></div>",lbs,1600,0.0,1600.0,0.0,SP2506005/1,106252,Gates PT Spain S.L.,Gates PT Spain S.L.,
Open,S2508108,Genita Harris,$2.30 (yds),GG6020-GRAY,GG6020-GRAY/CDF,"<div id='holdButton_25496' style='text-align: center;'><i class='fa fa-toggle-off' style='font-weight: normal; color: #ccc;' onClick='setReleased(25496,0)'></i></div>",yds,2000,0.0,2000.0,616.0,SP2508040/1,DAN0528,"Glen Raven Material Solutions, LLC",DW ENTERPRISE,
Open,S2508203,Brittany Lee,$4.35 (yds),C1B4139-1,C1B4139-1/0,"<div id='holdButton_25591' style='text-align: center;'><i class='fa fa-toggle-off' style='font-weight: normal; color: #ccc;' onClick='setReleased(25591,0)'></i></div>",yds,500,0.0,500.0,29.5,SP2508091/1,B242-051,Lady Americana / Factory Direct,Lady Americana / Factory Direct,
Open,S2506093,Brittany Lee,$10.50 (yds),CT1577-GS1,CT1577-GS1/0,"<div id='holdButton_24309' style='text-align: center;'><i class='fa fa-toggle-off' style='font-weight: normal; color: #ccc;' onClick='setReleased(24309,0)'></i></div>",yds,1000,0.0,1000.0,0.0,SP2506046/2,18636,Reliefmart/Ultrabed,Specialty Mattress Inc,
Open,S2508321,Alicia Lutz,$0.01 (yds),FAB310-40RP-CLA,FAB310-40RP-CLA/0,"<div id='holdButton_25710' style='text-align: center;'><i class='fa fa-toggle-off' style='font-weight: normal; color: #ccc;' onClick='setReleased(25710,0)'></i></div>",yds,2200,0.0,2200.0,0.0,SP2508149/1,Email Ron 8/18,Creative Cut & Sew,Hemingway Sewing Solutions ,
Open,S2508295,Brittany Lee,$8.44 (yds),CT1649-UL2,CT1649-UL2/4546 RUCO,"<div id='holdButton_25684' style='text-align: center;'><i class='fa fa-toggle-off' style='font-weight: normal; color: #ccc;' onClick='setReleased(25684,0)'></i></div>",yds,500,0.0,500.0,0.0,SP2508137/1,81525,Yankee Mattress Factory Inc.,High Point Quilting,
Open,S2508297,Brittany Lee,$6.97 (yds),CT2535-UL1,CT2535-UL1/RUCO,"<div id='holdButton_25686' style='text-align: center;'><i class='fa fa-toggle-off' style='font-weight: normal; color: #ccc;' onClick='setReleased(25686,0)'></i></div>",yds,500,0.0,500.0,0.0,SP2508137/3,81525,Yankee Mattress Factory Inc.,High Point Quilting,
Open,S2508296,Brittany Lee,$8.08 (yds),CT2876-UL1,CT2876-UL1/RUCO,"<div id='holdButton_25685' style='text-align: center;'><i class='fa fa-toggle-off' style='font-weight: normal; color: #ccc;' onClick='setReleased(25685,0)'></i></div>",yds,500,0.0,500.0,0.0,SP2508137/2,81525,Yankee Mattress Factory Inc.,High Point Quilting,
Open,S2508450,Genita Harris,$12.89 (lbs),2140373,2140373/0,"<div id='holdButton_25839' style='text-align: center;'><i class='fa fa-toggle-off' style='font-weight: normal; color: #ccc;' onClick='setReleased(25839,0)'></i></div>",lbs,1500,0.0,1500.0,2348.6,SP2508206/1,340949,GATES DE MEXICO S de RI de CV,GATES - TX Eagle Pass,
Open,S2508320,Alicia Lutz,$0.01 (yds),FAB320-40RP-CLA,FAB320-40RP-CLA/0,"<div id='holdButton_25709' style='text-align: center;'><i class='fa fa-toggle-off' style='font-weight: normal; color: #ccc;' onClick='setReleased(25709,0)'></i></div>",yds,70,0.0,70.0,0.0,SP2508149/2,Email Ron 8/18,Creative Cut & Sew,Hemingway Sewing Solutions ,
Open,S2502098,Sample,$0 (yds),CMJ3163-6,CMJ3163-6/0,"<div id='holdButton_22596' style='text-align: center;'><i class='fa fa-toggle-off' style='font-weight: normal; color: #ccc;' onClick='setReleased(22596,0)'></i></div>",yds,30,0.0,30.0,0.0,SP2502059/2,CF0272,Samples,TWE NONWOVENS,
Open,S2508280,Brittany Lee,$13.25 (yds),CEE3267-3,CEE3267-3/0,"<div id='holdButton_25669' style='text-align: center;'><i class='fa fa-toggle-off' style='font-weight: normal; color: #ccc;' onClick='setReleased(25669,0)'></i></div>",yds,450,0.0,450.0,0.0,SP2507057/1,001,Dream Time Bedding,Dream Time Bedding,
Open,S2508481,Brittany Lee,$16.85 (yds),CEE3466-1,CEE3466-1/0,"<div id='holdButton_25870' style='text-align: center;'><i class='fa fa-toggle-off' style='font-weight: normal; color: #ccc;' onClick='setReleased(25870,0)'></i></div>",yds,120,0.0,120.0,0.0,SP2508221/1,50914,Southerland Inc,"Southerland Inc - Antioch, TN",
Open,S2508095,Brittany Lee,$2.00 (yds),CF5092-0,CF5092-0/0,"<div id='holdButton_25483' style='text-align: center;'><i class='fa fa-toggle-off' style='font-weight: normal; color: #ccc;' onClick='setReleased(25483,0)'></i></div>",yds,30000,0.0,30000.0,0.0,SP2508047/1,1703,MATTRESS SAFE INC,Mattress Safe - Dawsonville,
Open,S2508482,Brittany Lee,$14.97 (yds),C1B3402-1,C1B3402-1/42INCH,"<div id='holdButton_25871' style='text-align: center;'><i class='fa fa-toggle-off' style='font-weight: normal; color: #ccc;' onClick='setReleased(25871,0)'></i></div>",yds,180,0.0,180.0,1028.3,SP2508221/2,50914,Southerland Inc,"Southerland Inc - Antioch, TN",
Open,S2410349,Brittany Lee,$0 (yds),C1B2946-2CZ35,C1B2946-2CZ35/18s,"<div id='holdButton_21204' style='text-align: center;'><i class='fa fa-toggle-on' style='font-size: 135%; font-weight: bold; color: orange;' onClick='setReleased(21204,1)'></i></div>",yds,606,0.0,606.0,262.0,SP2410204/1,041024-2,SALT LAKE MATTRESS AND MFG (Serta),SALT LAKE MFG -Serta,
Open,S2508325,Alicia Lutz,$0.01 (yds),FAB310-40RP-AQA,FAB310-40RP-AQA/0,"<div id='holdButton_25714' style='text-align: center;'><i class='fa fa-toggle-off' style='font-weight: normal; color: #ccc;' onClick='setReleased(25714,0)'></i></div>",yds,1080,0.0,1080.0,0.0,SP2508150/1,Email Ron 8/18,Creative Cut & Sew,Hemingway Sewing Solutions ,
Open,S2508338,Brittany Lee,$4.99 (yds),CMR3513-2,CMR3513-2/101,"<div id='holdButton_25727' style='text-align: center;'><i class='fa fa-toggle-off' style='font-weight: normal; color: #ccc;' onClick='setReleased(25727,0)'></i></div>",yds,500,0.0,500.0,829.9,SP2508157/1,240-013,Prana Sleep,Prana Sleep North America,
Open,S2505049,Brittany Lee,$0.01 (yds),CEE2747-1,CEE2747-1/0,"<div id='holdButton_23756' style='text-align: center;'><i class='fa fa-toggle-on' style='font-size: 135%; font-weight: bold; color: orange;' onClick='setReleased(23756,1)'></i></div>",yds,680,0.0,680.0,0.0,SP2505030/1,Purple,Creative Cut & Sew,Creative Cut & Sew,
Open,S2508324,Alicia Lutz,$0.01 (yds),FAB320-40RP-AQA,FAB320-40RP-AQA/0,"<div id='holdButton_25713' style='text-align: center;'><i class='fa fa-toggle-off' style='font-weight: normal; color: #ccc;' onClick='setReleased(25713,0)'></i></div>",yds,43,0.0,43.0,0.0,SP2508150/2,Email Ron 8/18,Creative Cut & Sew,Hemingway Sewing Solutions ,
Open,S2505047,Brittany Lee,$0.01 (yds),CEE2745-1,CEE2745-1/0,"<div id='holdButton_23754' style='text-align: center;'><i class='fa fa-toggle-on' style='font-size: 135%; font-weight: bold; color: orange;' onClick='setReleased(23754,1)'></i></div>",yds,340,0.0,340.0,0.0,SP2505028/1,Purple ,Creative Cut & Sew,Creative Cut & Sew,
Open,S2502099,Sample,$0 (yds),CT2155-1,CT2155-1/0,"<div id='holdButton_22597' style='text-align: center;'><i class='fa fa-toggle-off' style='font-weight: normal; color: #ccc;' onClick='setReleased(22597,0)'></i></div>",yds,20,0.0,20.0,27056.0,SP2502059/1,CF0272,Samples,TWE NONWOVENS,
Open,S2410135,Brittany Lee,$0 (yds),CEE3837-1,CEE3837-1/0,"<div id='holdButton_20990' style='text-align: center;'><i class='fa fa-toggle-on' style='font-size: 135%; font-weight: bold; color: orange;' onClick='setReleased(20990,1)'></i></div>",yds,1000,0.0,1000.0,191.6,SP2410083/1,Laurie Blanket,Restonic,Restonic,
Open,S2508369,Alicia Lutz,$10.45 (yds),125792,125792/CDFMP,"<div id='holdButton_25758' style='text-align: center;'><i class='fa fa-toggle-off' style='font-weight: normal; color: #ccc;' onClick='setReleased(25758,0)'></i></div>",yds,1100,0.0,1100.0,0.0,SP2508169/1,4500226868,STRAEHLE + HESS USA INC,STRAEHLE HESS,
Open,S2508365,Brittany Lee,$10.45 (yds),C1B4014-1,C1B4014-1/0,"<div id='holdButton_25754' style='text-align: center;'><i class='fa fa-toggle-off' style='font-weight: normal; color: #ccc;' onClick='setReleased(25754,0)'></i></div>",yds,160,0.0,160.0,0.0,SP2507142/3,00123925,Dynasty Consolidated DBA Sleeptronic,Sleeptronic,
Open,S2506372,Brittany Lee,$9.95 (yds),C1B4014-1,C1B4014-1/0,"<div id='holdButton_24590' style='text-align: center;'><i class='fa fa-toggle-on' style='font-size: 135%; font-weight: bold; color: orange;' onClick='setReleased(24590,1)'></i></div>",yds,2000,0.0,2000.0,0.0,SP2506170/1,B741,Paramount Industrial Co Inc,Paramount Industrial Co Inc,
Open,S2508407,Brittany Lee,$6.75 (yds),C2B3237-3,C2B3237-3/0,"<div id='holdButton_25796' style='text-align: center;'><i class='fa fa-toggle-off' style='font-weight: normal; color: #ccc;' onClick='setReleased(25796,0)'></i></div>",yds,1000,0.0,1000.0,0.0,SP2508187/1,46837,Custom Comfort Mattress,Custom Comfort Mattress,
Open,S2507437,Brittany Lee,$6.75 (yds),CT4183-BLR,CT4183-BLR/4648,"<div id='holdButton_25299' style='text-align: center;'><i class='fa fa-toggle-off' style='font-weight: normal; color: #ccc;' onClick='setReleased(25299,0)'></i></div>",yds,800,0.0,800.0,0.0,SP2507204/1,2035256,JEFFCO FIBRES INC,Precision Textiles,
Open,S2403428,Brittany Lee,$14.95 (kg),40-21-41025,CF5380-0/SF,"<div id='holdButton_18057' style='text-align: center;'><i class='fa fa-toggle-on' style='font-size: 135%; font-weight: bold; color: orange;' onClick='setReleased(18057,1)'></i></div>",kg,5331,,5331.0,218.1,SP2403185/1,66669,Purple Innovations LLC        2,Purple Innovation (GA),
Open,S2508259,Brittany Lee,$13.75 (yds),C1B3987-1,C1B3987-1/0,"<div id='holdButton_25648' style='text-align: center;'><i class='fa fa-toggle-on' style='font-size: 135%; font-weight: bold; color: orange;' onClick='setReleased(25648,1)'></i></div>",yds,3000,0.0,3000.0,920.4,SP2508117/1,232-054,Prana Sleep,Prana Sleep,
Open,S2506284,Brittany Lee,$13.75 (yds),C1B3987-1,C1B3987-1/0,"<div id='holdButton_24502' style='text-align: center;'><i class='fa fa-toggle-on' style='font-size: 135%; font-weight: bold; color: orange;' onClick='setReleased(24502,1)'></i></div>",yds,2500,0.0,2500.0,920.4,SP2506129/3,232-048 Blanket,Prana Sleep,Prana Sleep,
Open,S2508442,Alicia Lutz,$0.01 (yds),CF5105-NVY,CF5105-NVY/0,"<div id='holdButton_25831' style='text-align: center;'><i class='fa fa-toggle-off' style='font-weight: normal; color: #ccc;' onClick='setReleased(25831,0)'></i></div>",yds,1050,0.0,1050.0,0.0,SP2508203/1,Email 8/26,Creative Cut & Sew,Hemingway Sewing Solutions ,
Open,S2507424,Alicia Lutz,$0.01 (yds),CF5105-NVY,CF5105-NVY/0,"<div id='holdButton_25286' style='text-align: center;'><i class='fa fa-toggle-off' style='font-weight: normal; color: #ccc;' onClick='setReleased(25286,0)'></i></div>",yds,1050,0.0,1050.0,0.0,SP2507197/1,Email 7/25,Creative Cut & Sew,Hemingway Sewing Solutions ,
Open,S2507423,Alicia Lutz,$0.01 (yds),CF5109-NVY,CF5109-NVY/0,"<div id='holdButton_25285' style='text-align: center;'><i class='fa fa-toggle-off' style='font-weight: normal; color: #ccc;' onClick='setReleased(25285,0)'></i></div>",yds,43,0.0,43.0,0.0,SP2507197/2,Email 7/25,Creative Cut & Sew,Hemingway Sewing Solutions ,
Open,S2508446,Alicia Lutz,$0.01 (yds),CF5109-NVY,CF5109-NVY/0,"<div id='holdButton_25835' style='text-align: center;'><i class='fa fa-toggle-off' style='font-weight: normal; color: #ccc;' onClick='setReleased(25835,0)'></i></div>",yds,43,0.0,43.0,0.0,SP2508203/3,Email 8/26,Creative Cut & Sew,Hemingway Sewing Solutions ,
Open,S2402032,Brittany Lee,$14.95 (kg),40-21-41025,CF5394-0/0,"<div id='holdButton_17243' style='text-align: center;'><i class='fa fa-toggle-on' style='font-size: 135%; font-weight: bold; color: orange;' onClick='setReleased(17243,1)'></i></div>",kg,6000,,6000.0,4463.1,SP2402020/1,67845,Purple Innovations LLC        2,Purple Innovation (GA),
Open,S2405048,Brittany Lee,$14.95 (kg),40-21-41025,CF5394-0/0,"<div id='holdButton_18785' style='text-align: center;'><i class='fa fa-toggle-on' style='font-size: 135%; font-weight: bold; color: orange;' onClick='setReleased(18785,1)'></i></div>",kg,5331,,5331.0,4463.1,SP2403185/2,66669,Purple Innovations LLC        2,Purple Innovation (GA),
Open,S2502210,Brittany Lee,$13.25 (yds),CEE3065-2CZ35,CEE3065-2CZ35/0,"<div id='holdButton_22708' style='text-align: center;'><i class='fa fa-toggle-on' style='font-size: 135%; font-weight: bold; color: orange;' onClick='setReleased(22708,1)'></i></div>",yds,500,0.0,500.0,888.5,SP2502132/1,25-00044,MIDWEST SLEEP,MIDWEST SLEEP,
Open,S2508172,Alicia Lutz,$0.01 (yds),CF5105-OLV,CF5105-OLV/0,"<div id='holdButton_25560' style='text-align: center;'><i class='fa fa-toggle-off' style='font-weight: normal; color: #ccc;' onClick='setReleased(25560,0)'></i></div>",yds,1050,0.0,1050.0,0.0,SP2508079/1,Email 7/29,Creative Cut & Sew,Hemingway Sewing Solutions ,
Open,S2508171,Alicia Lutz,$0.01 (yds),CF5109-OLV,CF5109-OLV/0,"<div id='holdButton_25559' style='text-align: center;'><i class='fa fa-toggle-off' style='font-weight: normal; color: #ccc;' onClick='setReleased(25559,0)'></i></div>",yds,43,0.0,43.0,0.0,SP2508079/2,Email 7/29,Creative Cut & Sew,Hemingway Sewing Solutions ,
Open,S2506403,Genita Harris,$61.25 (yds),BK 7215-0,BK 7215-0/0,"<div id='holdButton_24621' style='text-align: center;'><i class='fa fa-toggle-off' style='font-weight: normal; color: #ccc;' onClick='setReleased(24621,0)'></i></div>",yds,1000,0.0,1000.0,0.0,SP2506188/1,9106,Spintech Holdings INC,"Spintech Holding, Inc",
Open,S2508445,Alicia Lutz,$0.01 (yds),CF5105-BLU,CF5105-BLU/0,"<div id='holdButton_25834' style='text-align: center;'><i class='fa fa-toggle-off' style='font-weight: normal; color: #ccc;' onClick='setReleased(25834,0)'></i></div>",yds,2100,0.0,2100.0,0.0,SP2508204/1,Email 8/26,Creative Cut & Sew,Hemingway Sewing Solutions ,
Open,S2508449,Alicia Lutz,$0.01 (yds),CF5109-BLU,CF5109-BLU/0,"<div id='holdButton_25838' style='text-align: center;'><i class='fa fa-toggle-off' style='font-weight: normal; color: #ccc;' onClick='setReleased(25838,0)'></i></div>",yds,86,0.0,86.0,0.0,SP2508204/3,Email 8/26,Creative Cut & Sew,Hemingway Sewing Solutions ,
Open,S2507291,Alicia Lutz,$13.33 (yds),KBDU600K,KBDU600K/0,"<div id='holdButton_25153' style='text-align: center;'><i class='fa fa-toggle-off' style='font-weight: normal; color: #ccc;' onClick='setReleased(25153,0)'></i></div>",yds,12000,0.0,12000.0,0.0,SP2507135/1,14483149,WL GORE,D & S Warehousing Inc,
Open,S2507118,Alicia Lutz,$13.33 (yds),KBDU600K,KBDU600K/0,"<div id='holdButton_24980' style='text-align: center;'><i class='fa fa-toggle-off' style='font-weight: normal; color: #ccc;' onClick='setReleased(24980,0)'></i></div>",yds,12000,0.0,12000.0,0.0,SP2507056/1,14483149,WL GORE,D & S Warehousing Inc,
Open,S2507117,Alicia Lutz,$13.33 (yds),KBDU600K,KBDU600K/0,"<div id='holdButton_24979' style='text-align: center;'><i class='fa fa-toggle-off' style='font-weight: normal; color: #ccc;' onClick='setReleased(24979,0)'></i></div>",yds,4400,0.0,4400.0,0.0,SP2507055/1,14441531,WL GORE,D & S Warehousing Inc,
Open,S2501275,Brittany Lee,$12.50 (yds),C1B4428-1,C1B4428-1/0,"<div id='holdButton_22307' style='text-align: center;'><i class='fa fa-toggle-on' style='font-size: 135%; font-weight: bold; color: orange;' onClick='setReleased(22307,1)'></i></div>",yds,1000,0.0,1000.0,1348.4,SP2501097/1,ALIM202501,Dynasty Consolidated DBA Sleeptronic,Sleeptronic,
Open,S2508326,Alicia Lutz,$0.01 (yds),FAB310-40RP-BRN,FAB310-40RP-BRN/0,"<div id='holdButton_25715' style='text-align: center;'><i class='fa fa-toggle-off' style='font-weight: normal; color: #ccc;' onClick='setReleased(25715,0)'></i></div>",yds,1080,0.0,1080.0,0.0,SP2508151/1,Email Ron 8/18,Creative Cut & Sew,Hemingway Sewing Solutions ,
Open,S2508327,Alicia Lutz,$0.01 (yds),FAB320-40RP-BRN,FAB320-40RP-BRN/0,"<div id='holdButton_25716' style='text-align: center;'><i class='fa fa-toggle-off' style='font-weight: normal; color: #ccc;' onClick='setReleased(25716,0)'></i></div>",yds,43,0.0,43.0,0.0,SP2508151/2,Email Ron 8/18,Creative Cut & Sew,Hemingway Sewing Solutions ,
Open,S2507303,Brittany Lee,$9.95 (yds),C1B4440-1,C1B4440-1/42INCH,"<div id='holdButton_25165' style='text-align: center;'><i class='fa fa-toggle-off' style='font-weight: normal; color: #ccc;' onClick='setReleased(25165,0)'></i></div>",yds,500,0.0,500.0,592.2,SP2507142/2,00123925,Dynasty Consolidated DBA Sleeptronic,Sleeptronic,
Open,S2508022,Brittany Lee,$11.50 (yds),DIANA,C1B4374-1/0,"<div id='holdButton_25410' style='text-align: center;'><i class='fa fa-toggle-off' style='font-weight: normal; color: #ccc;' onClick='setReleased(25410,0)'></i></div>",yds,500,0.0,500.0,8.0,SP2508010/1,P683-003,Solstice Sleep Products Inc,Solstice Sleep Products SC,
Open,S2508021,Brittany Lee,$11.50 (yds),DIANA,C1B4374-1/0,"<div id='holdButton_25409' style='text-align: center;'><i class='fa fa-toggle-off' style='font-weight: normal; color: #ccc;' onClick='setReleased(25409,0)'></i></div>",yds,500,0.0,500.0,8.0,SP2508009/1,P680-004,Solstice Sleep Products Inc,Solstice Sleep Products OH,
Open,S2508023,Brittany Lee,$11.50 (yds),DIANA,C1B4374-1/0,"<div id='holdButton_25411' style='text-align: center;'><i class='fa fa-toggle-off' style='font-weight: normal; color: #ccc;' onClick='setReleased(25411,0)'></i></div>",yds,500,0.0,500.0,8.0,SP2508011/1,P682-004,Solstice Sleep Products Inc,Solstice Sleep Products TX,
Open,S2506441,Genita Harris,$3.59 (yds),CF5263-1674,CF5263-1674/0,"<div id='holdButton_24659' style='text-align: center;'><i class='fa fa-toggle-off' style='font-weight: normal; color: #ccc;' onClick='setReleased(24659,0)'></i></div>",yds,7500,0.0,7500.0,147.0,SP2506192/1,SAW-004,Sawasawa LLC,Sawasawa LLC,
Open,S2506285,Brittany Lee,$13.25 (yds),C1B4544-1,C1B4544-1/42INCH,"<div id='holdButton_24503' style='text-align: center;'><i class='fa fa-toggle-on' style='font-size: 135%; font-weight: bold; color: orange;' onClick='setReleased(24503,1)'></i></div>",yds,1000,0.0,1000.0,1560.6,SP2506129/1,232-048 Blanket,Prana Sleep,Prana Sleep,
Open,S2507338,Brittany Lee,$10.06 (yds),CT2552-1,CT2552-1/0,"<div id='holdButton_25200' style='text-align: center;'><i class='fa fa-toggle-off' style='font-weight: normal; color: #ccc;' onClick='setReleased(25200,0)'></i></div>",yds,1200,0.0,1200.0,0.0,SP2507160/1,18692,Reliefmart/Ultrabed,Specialty Mattress Inc,
Open,S2502291,Brittany Lee,$11.45 (yds),CEE4586-1,CEE4586-1/0,"<div id='holdButton_22789' style='text-align: center;'><i class='fa fa-toggle-on' style='font-size: 135%; font-weight: bold; color: orange;' onClick='setReleased(22789,1)'></i></div>",yds,300,0.0,300.0,797.0,SP2501197/1,21984,SALT LAKE MATTRESS AND MFG (Serta),SALT LAKE MFG - SHIP TO,
Open,S2508336,Brittany Lee,$6.99 (yds),C1B4584-1,C1B4584-1/0,"<div id='holdButton_25725' style='text-align: center;'><i class='fa fa-toggle-on' style='font-size: 135%; font-weight: bold; color: orange;' onClick='setReleased(25725,1)'></i></div>",yds,2000,0.0,2000.0,638.7,SP2508156/1,232-055- BLANKET,Prana Sleep,Prana Sleep,
Open,S2506283,Brittany Lee,$6.99 (yds),C1B4584-1,C1B4584-1/0,"<div id='holdButton_24501' style='text-align: center;'><i class='fa fa-toggle-on' style='font-size: 135%; font-weight: bold; color: orange;' onClick='setReleased(24501,1)'></i></div>",yds,1000,0.0,1000.0,638.7,SP2506129/2,232-048 Blanket,Prana Sleep,Prana Sleep,
Open,S2508260,Brittany Lee,$13.25 (yds),CEE4585-1,CEE4585-1/0,"<div id='holdButton_25649' style='text-align: center;'><i class='fa fa-toggle-on' style='font-size: 135%; font-weight: bold; color: orange;' onClick='setReleased(25649,1)'></i></div>",yds,2000,0.0,2000.0,0.0,SP2508117/2,232-054,Prana Sleep,Prana Sleep,
Open,S2508337,Brittany Lee,$13.25 (yds),CEE4585-1,CEE4585-1/0,"<div id='holdButton_25726' style='text-align: center;'><i class='fa fa-toggle-off' style='font-weight: normal; color: #ccc;' onClick='setReleased(25726,0)'></i></div>",yds,500,0.0,500.0,0.0,SP2508157/2,240-013,Prana Sleep,Prana Sleep North America,
Open,S2506109,Genita Harris,$12.06 (yds),1686006,1SM0824-60/0,"<div id='holdButton_24325' style='text-align: center;'><i class='fa fa-toggle-off' style='font-weight: normal; color: #ccc;' onClick='setReleased(24325,0)'></i></div>",yds,150,0.0,150.0,275.2,SP2502072/1,42873,"HFI, LLC",HFI DISTRIBUTION CENTER,
Open,S2506190,Genita Harris,$12.06 (yds),1686006,1SM0824-60/0,"<div id='holdButton_24408' style='text-align: center;'><i class='fa fa-toggle-off' style='font-weight: normal; color: #ccc;' onClick='setReleased(24408,0)'></i></div>",yds,250,0.0,250.0,275.2,SP2502071/1,42873,"HFI, LLC",HFI C/O Valencia International Inc,
Open,S2508302,Genita Harris,$4.33 (yds),CF5475-N,CF5475-N/0,"<div id='holdButton_25691' style='text-align: center;'><i class='fa fa-toggle-off' style='font-weight: normal; color: #ccc;' onClick='setReleased(25691,0)'></i></div>",yds,1920,0.0,1920.0,310.0,SP2508139/2,DA-00115,IMAGE POINTE / DIGNITY APPAREL,Dignity Apparel ,
Open,S2508301,Genita Harris,$4.51 (yds),CF5474-C,CF5474-C/0,"<div id='holdButton_25690' style='text-align: center;'><i class='fa fa-toggle-off' style='font-weight: normal; color: #ccc;' onClick='setReleased(25690,0)'></i></div>",yds,2670,0.0,2670.0,0.0,SP2508139/1,DA-00115,IMAGE POINTE / DIGNITY APPAREL,Dignity Apparel ,
Open,S2508367,Genita Harris,$0 (lbs),CF5515-WHT,CF5515-WHT/0,"<div id='holdButton_25756' style='text-align: center;'><i class='fa fa-toggle-off' style='font-weight: normal; color: #ccc;' onClick='setReleased(25756,0)'></i></div>",lbs,138,0.0,138.0,3.8,SP2508147/2,Lafarve,Creative Cut & Sew,Hemingway Sewing Solutions ,
Open,S2508366,Genita Harris,$0 (lbs),CF5516-WHT,CF5516-WHT/0,"<div id='holdButton_25755' style='text-align: center;'><i class='fa fa-toggle-off' style='font-weight: normal; color: #ccc;' onClick='setReleased(25755,0)'></i></div>",lbs,2400,0.0,2400.0,7.2,SP2508147/1,Lafarve,Creative Cut & Sew,Hemingway Sewing Solutions ,
Open,S2508330,Genita Harris,$7.26 (yds),CF5524,CF5524/0,"<div id='holdButton_25719' style='text-align: center;'><i class='fa fa-toggle-off' style='font-weight: normal; color: #ccc;' onClick='setReleased(25719,0)'></i></div>",yds,290,0.0,290.0,0.0,SP2508153/1,S11032,Wicked Sheets,Wicked Sheets,
Picked,S2506043,Genita Harris,$12.21 (yds),BK5425,BK5425/1,"<div id='holdButton_24259' style='text-align: center;'><i class='fa fa-toggle-off' style='font-weight: normal; color: #ccc;' onClick='setReleased(24259,0)'></i></div>",yds,2000,1458.4,541.5999999999999,0.0,SP2506023/1,4600001981,Pilot Tasit Koltuklari,Pilot Tasit Koltuklari,
Picked,S2505411,Genita Harris,$11.47 (lbs),2140390,2140390/FF,"<div id='holdButton_24121' style='text-align: center;'><i class='fa fa-toggle-off' style='font-weight: normal; color: #ccc;' onClick='setReleased(24121,0)'></i></div>",lbs,1600,1210.95,389.04999999999995,0.0,SP2505196/1,106240,Gates PT Spain S.L.,Gates PT Spain S.L.,
Picked,S2507438,Brittany Lee,$3.90 (yds),CT22150-1,CT22150-1/0,"<div id='holdButton_25300' style='text-align: center;'><i class='fa fa-toggle-off' style='font-weight: normal; color: #ccc;' onClick='setReleased(25300,0)'></i></div>",yds,1600,1689.0,-89.0,6564.6,SP2507204/3,2035256,JEFFCO FIBRES INC,Precision Textiles,
Picked,S2508416,Genita Harris,$4.37 (yds),5261-AFN,CF5261-1674/0,"<div id='holdButton_25805' style='text-align: center;'><i class='fa fa-toggle-off' style='font-weight: normal; color: #ccc;' onClick='setReleased(25805,0)'></i></div>",yds,15000,15826.0,-826.0,23489.0,SP2501083/1,SAW-003,Sawasawa LLC,Sawasawa LLC,
Picked,S2508518,Brittany Lee,$3.66 (yds),50000173,C1B3799-2/0,"<div id='holdButton_25907' style='text-align: center;'><i class='fa fa-toggle-off' style='font-weight: normal; color: #ccc;' onClick='setReleased(25907,0)'></i></div>",yds,40,40.7,-0.7000000000000028,2952.4,SP2508238/1,L8269-062,Serta Simmons Bedding Company,SSBMF - SEATTLE,
Picked,S2508504,Brittany Lee,$3.66 (yds),50000173,C1B3799-2/0,"<div id='holdButton_25893' style='text-align: center;'><i class='fa fa-toggle-off' style='font-weight: normal; color: #ccc;' onClick='setReleased(25893,0)'></i></div>",yds,40,40.1,-0.10000000000000142,2952.4,SP2508228/1,L8346-074,Serta Simmons Bedding Company,SSBMF - HOUSTON ,
Picked,S2506291,Brittany Lee,$17.37 (each),CT2935-1,CT2935-1/0,"<div id='holdButton_24509' style='text-align: center;'><i class='fa fa-toggle-off' style='font-weight: normal; color: #ccc;' onClick='setReleased(24509,0)'></i></div>",panels,550,714.0,-164.0,,SP2506133/2,PO-ES-16398,Zonkd Limitada de CV,Zonkd Limitada de CV,
Picked,S2506292,Brittany Lee,$22.03 (each),CT2936-1,CT2936-1/0,"<div id='holdButton_24510' style='text-align: center;'><i class='fa fa-toggle-off' style='font-weight: normal; color: #ccc;' onClick='setReleased(24510,0)'></i></div>",panels,400,344.0,56.0,,SP2506133/1,PO-ES-16398,Zonkd Limitada de CV,Zonkd Limitada de CV,
Picked,S2508509,Alicia Lutz,$1.33 (yds),CT2155-1,CT2155-1/0,"<div id='holdButton_25898' style='text-align: center;'><i class='fa fa-toggle-off' style='font-weight: normal; color: #ccc;' onClick='setReleased(25898,0)'></i></div>",yds,6000,6770.0,-770.0,27056.0,SP2508231/1,PO610-069896-1,SEALY INC,Tempur Sealy Duffield LOC 610,
Picked,S2508423,Brittany Lee,$1.61 (yds),CT2155-1,CT2155-1/0,"<div id='holdButton_25812' style='text-align: center;'><i class='fa fa-toggle-off' style='font-weight: normal; color: #ccc;' onClick='setReleased(25812,0)'></i></div>",yds,6890,6649.0,241.0,27056.0,SP2508195/1,605-039393-1,SEALY INC,Tempur Sealy ( Albuquerque),
Picked,S2508522,Brittany Lee,$14.25 (yds),CEE3837-1,CEE3837-1/0,"<div id='holdButton_25911' style='text-align: center;'><i class='fa fa-toggle-off' style='font-weight: normal; color: #ccc;' onClick='setReleased(25911,0)'></i></div>",yds,200,203.4,-3.4000000000000057,191.6,SP2508239/2,25-00183,Upper Midwest Sleep LLC,Upper Midwest Sleep LLC,
Picked,S2508508,Brittany Lee,$4.30 (yds),C1B4039-1,C1B4039-1/0,"<div id='holdButton_25897' style='text-align: center;'><i class='fa fa-toggle-off' style='font-weight: normal; color: #ccc;' onClick='setReleased(25897,0)'></i></div>",yds,50,53.0,-3.0,0.0,SP2508230/1,25-00763,Sound Sleep,Sound Sleep - Lacey,
Picked,S2508519,Brittany Lee,$4.07 (yds),50000174,C1B4038-1/0,"<div id='holdButton_25908' style='text-align: center;'><i class='fa fa-toggle-off' style='font-weight: normal; color: #ccc;' onClick='setReleased(25908,0)'></i></div>",yds,40,50.3,-10.299999999999997,1126.7,SP2508238/2,L8269-062,Serta Simmons Bedding Company,SSBMF - SEATTLE,
Picked,S2508506,Brittany Lee,$4.07 (yds),50000174,C1B4038-1/0,"<div id='holdButton_25895' style='text-align: center;'><i class='fa fa-toggle-off' style='font-weight: normal; color: #ccc;' onClick='setReleased(25895,0)'></i></div>",yds,40,45.5,-5.5,1126.7,SP2508228/2,L8346-074,Serta Simmons Bedding Company,SSBMF - HOUSTON ,
Picked,S2507436,Brittany Lee,$6.75 (yds),CT4183-LAQ,CT4183-LAQ/4648,"<div id='holdButton_25298' style='text-align: center;'><i class='fa fa-toggle-off' style='font-weight: normal; color: #ccc;' onClick='setReleased(25298,0)'></i></div>",yds,800,301.0,499.0,0.0,SP2507204/2,2035256,JEFFCO FIBRES INC,Precision Textiles,
Picked,S2508523,Brittany Lee,$13.25 (yds),CEE3065-2CZ35,CEE3065-2CZ35/0,"<div id='holdButton_25912' style='text-align: center;'><i class='fa fa-toggle-off' style='font-weight: normal; color: #ccc;' onClick='setReleased(25912,0)'></i></div>",yds,200,208.8,-8.800000000000011,888.5,SP2508239/1,25-00183,Upper Midwest Sleep LLC,Upper Midwest Sleep LLC,
Picked,S2508512,Brittany Lee,$5.28 (yds),CT3085-1FI,CT3085-1FI/0,"<div id='holdButton_25901' style='text-align: center;'><i class='fa fa-toggle-off' style='font-weight: normal; color: #ccc;' onClick='setReleased(25901,0)'></i></div>",yds,300,327.1,-27.100000000000023,1119.4,SP2508234/1,00153075,Pleasant Mattress Inc.,Concept Freight,
Picked,S2508502,Brittany Lee,$4.99 (yds),50000182,C1B4033-1/0,"<div id='holdButton_25891' style='text-align: center;'><i class='fa fa-toggle-off' style='font-weight: normal; color: #ccc;' onClick='setReleased(25891,0)'></i></div>",yds,80,80.0,0.0,1189.0,SP2508228/3,L8346-074,Serta Simmons Bedding Company,SSBMF - HOUSTON ,
Picked,S2508521,Brittany Lee,$5.48 (yds),50000183,C1B4125-1/0,"<div id='holdButton_25910' style='text-align: center;'><i class='fa fa-toggle-off' style='font-weight: normal; color: #ccc;' onClick='setReleased(25910,0)'></i></div>",yds,120,120.0,0.0,1198.8,SP2508238/3,L8269-062,Serta Simmons Bedding Company,SSBMF - SEATTLE,
Picked,S2508513,Brittany Lee,$5.48 (yds),50000183,C1B4125-1/0,"<div id='holdButton_25902' style='text-align: center;'><i class='fa fa-toggle-off' style='font-weight: normal; color: #ccc;' onClick='setReleased(25902,0)'></i></div>",yds,40,40.0,0.0,1198.8,SP2508235/1,L8308-202,Serta Simmons Bedding Company,SSBMF - Wisconsin,
Picked,S2508503,Brittany Lee,$5.48 (yds),50000183,C1B4125-1/0,"<div id='holdButton_25892' style='text-align: center;'><i class='fa fa-toggle-off' style='font-weight: normal; color: #ccc;' onClick='setReleased(25892,0)'></i></div>",yds,40,45.4,-5.399999999999999,1198.8,SP2508228/4,L8346-074,Serta Simmons Bedding Company,SSBMF - HOUSTON ,
Picked,S2508507,Brittany Lee,$5.48 (yds),50000183,C1B4125-1/0,"<div id='holdButton_25896' style='text-align: center;'><i class='fa fa-toggle-off' style='font-weight: normal; color: #ccc;' onClick='setReleased(25896,0)'></i></div>",yds,120,136.1,-16.099999999999994,1198.8,SP2508229/1,L8349-064,Serta Simmons Bedding Company,SSBMF - GREENE COUNTY,
Picked,S2506094,Brittany Lee,$7.79 (yds),C1B4356-1,C1B4356-1/0,"<div id='holdButton_24310' style='text-align: center;'><i class='fa fa-toggle-off' style='font-weight: normal; color: #ccc;' onClick='setReleased(24310,0)'></i></div>",yds,2126,1869.0,257.0,0.0,SP2506046/1,18636,Reliefmart/Ultrabed,Specialty Mattress Inc,
Picked,S2508498,Brittany Lee,$5.95 (yds),70009236,C1B4350-1/0,"<div id='holdButton_25887' style='text-align: center;'><i class='fa fa-toggle-off' style='font-weight: normal; color: #ccc;' onClick='setReleased(25887,0)'></i></div>",yds,40,40.5,-0.5,349.2,SP2508227/2,L8346-073,Serta Simmons Bedding Company,SSBMF - HOUSTON ,
Picked,S2508510,Alicia Lutz,$1.33 (yds),CT2155-1NYL,CT2155-1NYL/0,"<div id='holdButton_25899' style='text-align: center;'><i class='fa fa-toggle-off' style='font-weight: normal; color: #ccc;' onClick='setReleased(25899,0)'></i></div>",yds,4000,4098.0,-98.0,599.7,SP2508232/1,28216,KING KOIL MANUFACTURING WEST,KING KOIL AZ,
Picked,S2508511,Alicia Lutz,$1.33 (yds),CT2155-1NYL,CT2155-1NYL/0,"<div id='holdButton_25900' style='text-align: center;'><i class='fa fa-toggle-off' style='font-weight: normal; color: #ccc;' onClick='setReleased(25900,0)'></i></div>",yds,5000,5076.0,-76.0,599.7,SP2508233/1,212606-026,Corsicana Bedding,Corsicana TX,
Picked,S2508517,Brittany Lee,$5.69 (yds),70005413,C1B4571-1/0,"<div id='holdButton_25906' style='text-align: center;'><i class='fa fa-toggle-off' style='font-weight: normal; color: #ccc;' onClick='setReleased(25906,0)'></i></div>",yds,40,45.7,-5.700000000000003,20061.8,SP2508237/1,L8314-068,Serta Simmons Bedding Company,SSBMF - JAMESTOWN,
Picked,S2508515,Brittany Lee,$5.69 (yds),70005413,C1B4571-1/0,"<div id='holdButton_25904' style='text-align: center;'><i class='fa fa-toggle-off' style='font-weight: normal; color: #ccc;' onClick='setReleased(25904,0)'></i></div>",yds,80,90.8,-10.799999999999997,20061.8,SP2508236/1,L8348-084,Serta Simmons Bedding Company,SSBMF - Cullman,
Picked,S2508520,Brittany Lee,$5.69 (yds),70005413,C1B4571-1/0,"<div id='holdButton_25909' style='text-align: center;'><i class='fa fa-toggle-off' style='font-weight: normal; color: #ccc;' onClick='setReleased(25909,0)'></i></div>",yds,300,312.8,-12.800000000000011,20061.8,SP2508238/4,L8269-062,Serta Simmons Bedding Company,SSBMF - SEATTLE,
Picked,S2508514,Brittany Lee,$5.69 (yds),70005413,C1B4571-1/0,"<div id='holdButton_25903' style='text-align: center;'><i class='fa fa-toggle-off' style='font-weight: normal; color: #ccc;' onClick='setReleased(25903,0)'></i></div>",yds,40,40.0,0.0,20061.8,SP2508235/2,L8308-202,Serta Simmons Bedding Company,SSBMF - Wisconsin,
Picked,S2508499,Brittany Lee,$5.69 (yds),70005413,C1B4571-1/0,"<div id='holdButton_25888' style='text-align: center;'><i class='fa fa-toggle-off' style='font-weight: normal; color: #ccc;' onClick='setReleased(25888,0)'></i></div>",yds,280,281.0,-1.0,20061.8,SP2508227/1,L8346-073,Serta Simmons Bedding Company,SSBMF - HOUSTON ,
Picked,S2508505,Brittany Lee,$3.50 (yds),700094133,C1B4612-1/1,"<div id='holdButton_25894' style='text-align: center;'><i class='fa fa-toggle-off' style='font-weight: normal; color: #ccc;' onClick='setReleased(25894,0)'></i></div>",yds,60,65.2,-5.200000000000003,1608.5,SP2508228/5,L8346-074,Serta Simmons Bedding Company,SSBMF - HOUSTON ,
Picked,S2508501,Brittany Lee,$3.50 (yds),700094133,C1B4612-1/1,"<div id='holdButton_25890' style='text-align: center;'><i class='fa fa-toggle-off' style='font-weight: normal; color: #ccc;' onClick='setReleased(25890,0)'></i></div>",yds,60,65.2,-5.200000000000003,1608.5,SP2508227/3,L8346-073,Serta Simmons Bedding Company,SSBMF - HOUSTON ,
Picked,S2508516,Brittany Lee,$3.85 (yds),700094134,C1B4613-1/0,"<div id='holdButton_25905' style='text-align: center;'><i class='fa fa-toggle-off' style='font-weight: normal; color: #ccc;' onClick='setReleased(25905,0)'></i></div>",yds,60,61.0,-1.0,4313.0,SP2508236/2,L8348-084,Serta Simmons Bedding Company,SSBMF - Cullman,
Picked,S2508500,Brittany Lee,$3.85 (yds),700094134,C1B4613-1/0,"<div id='holdButton_25889' style='text-align: center;'><i class='fa fa-toggle-off' style='font-weight: normal; color: #ccc;' onClick='setReleased(25889,0)'></i></div>",yds,60,65.2,-5.200000000000003,4313.0,SP2508227/4,L8346-073,Serta Simmons Bedding Company,SSBMF - HOUSTON ,
Picked,S2508413,Starr Lopez,$4.37 (lbs),(Greige) 205FLX2006/M,,"<div id='holdButton_25802' style='text-align: center;'><i class='fa fa-toggle-off' style='font-weight: normal; color: #ccc;' onClick='setReleased(25802,0)'></i></div>",lbs,5500,5520.4,-20.399999999999636,10871.9,SP2503193/1,4500112402,Tube Specialties,Buckland Global Trade Services,
Picked,S2508466,Starr Lopez,$10.94 (lbs),(Greige) 205FLX2006/B,,"<div id='holdButton_25855' style='text-align: center;'><i class='fa fa-toggle-off' style='font-weight: normal; color: #ccc;' onClick='setReleased(25855,0)'></i></div>",lbs,5500,5385.1,114.89999999999964,338.9,SP2503192/1,4500112402,Tube Specialties,Buckland Global Trade Services,
