Yarn,Supplier,Description,Color,Monday Inventory,Total Demand,Total Receipt,Balance,Past Due Receipts,,Demand This Week,Receipts This Week,Balance This Week,,Demand Week 36,Receipts Week 36,Balance Week 36,,Demand Week 37,Receipts Week 37,Balance Week 37,,Demand Week 38,Receipts Week 38,Balance Week 38,,Demand Week 39,Receipts Week 39,Balance Week 39,,Demand Week 40,Receipts Week 40,Balance Week 40,,Demand Week 41,Receipts Week 41,Balance Week 41,,Demand Week 42,Receipts Week 42,Balance Week 42,,Demand Week 43,Receipts Week 43,Balance Week 43,,Demand Later,Receipts Later,Balance Later
19095,UNIFI,1/150/96 100% Polyester Natural Repreve ,Natural,0.0,"7,258.1",0.0,"-7,258.1",0.0,,"3,137.8",0.0,"-3,137.8",,"4,120.3",0.0,"-7,258.1",,0.0,0.0,"-7,258.1",,0.0,0.0,"-7,258.1",,0.0,0.0,"-7,258.1",,0.0,0.0,"-7,258.1",,0.0,0.0,"-7,258.1",,0.0,0.0,"-7,258.1",,0.0,0.0,"-7,258.1",,0.0,0.0,"-7,258.1"
19089,FILSPEC Yarns,26/1 75/15/10 Modacrylic/Rayon/Nylon Natural Protex C - FR RS,Natural,0.0,"5,396.1","9,000.0","3,603.9",0.0,,"2,356.2",0.0,"-2,356.2",,"3,039.9",0.0,"-5,396.1",,0.0,"5,500.0",103.9,,0.0,"2,500.0","2,603.9",,0.0,"1,000.0","3,603.9",,0.0,0.0,"3,603.9",,0.0,0.0,"3,603.9",,0.0,0.0,"3,603.9",,0.0,0.0,"3,603.9",,0.0,0.0,"3,603.9"
18703,DECA GLOBAL,38/1 60/40 Combed Cotton/Polyester Semi Dull RS,Semi Dull,107.0,"2,435.9","18,879.9","16,551.0","18,879.9",,"2,031.1",0.0,"-1,924.1",,404.8,0.0,"-2,328.9",,0.0,0.0,"-2,328.9",,0.0,0.0,"-2,328.9",,0.0,0.0,"-2,328.9",,0.0,0.0,"-2,328.9",,0.0,0.0,"-2,328.9",,0.0,0.0,"-2,328.9",,0.0,0.0,"-2,328.9",,0.0,0.0,"-2,328.9"
18594,VERTEX,1/300/120 100% Polyethylene Natural ,Natural,"6,625.2","23,494.2","67,860.0","50,991.0","17,360.0",,"8,049.7",0.0,"-1,424.6",,"6,741.5","5,000.0","-3,166.1",,"4,896.6",0.0,"-8,062.7",,"2,452.2","11,375.0",860.0,,"1,326.0",0.0,-466.0,,28.0,"4,875.0","4,381.0",,0.0,0.0,"4,381.0",,0.0,"4,875.0","9,256.0",,0.0,0.0,"9,256.0",,0.0,"24,375.0","33,631.0"
19066,UNIFI,1/300/68 100% Polyester Natural Set ,Natural,-549.0,"4,228.2",0.0,"-4,777.2",0.0,,577.7,0.0,"-1,126.7",,907.8,0.0,"-2,034.5",,907.8,0.0,"-2,942.4",,907.8,0.0,"-3,850.2",,907.8,0.0,"-4,758.0",,19.2,0.0,"-4,777.2",,0.0,0.0,"-4,777.2",,0.0,0.0,"-4,777.2",,0.0,0.0,"-4,777.2",,0.0,0.0,"-4,777.2"
18973,VERTEX,1/300/120 100% Polyethylene Haze Melange 2 ,Haze Melange 2,"1,293.2","2,210.0",0.0,-916.8,0.0,,"2,210.0",0.0,-916.8,,0.0,0.0,-916.8,,0.0,0.0,-916.8,,0.0,0.0,-916.8,,0.0,0.0,-916.8,,0.0,0.0,-916.8,,0.0,0.0,-916.8,,0.0,0.0,-916.8,,0.0,0.0,-916.8,,0.0,0.0,-916.8
19081,MOVEINA,27/1 100% Kevlar Black S RS,Black,0.0,747.2,700.0,-47.2,700.0,,747.2,0.0,-747.2,,0.0,0.0,-747.2,,0.0,0.0,-747.2,,0.0,0.0,-747.2,,0.0,0.0,-747.2,,0.0,0.0,-747.2,,0.0,0.0,-747.2,,0.0,0.0,-747.2,,0.0,0.0,-747.2,,0.0,0.0,-747.2
19082,MOVEINA,27/1 100% Kevlar Black Z RS,Black,0.0,747.2,700.0,-47.2,700.0,,747.2,0.0,-747.2,,0.0,0.0,-747.2,,0.0,0.0,-747.2,,0.0,0.0,-747.2,,0.0,0.0,-747.2,,0.0,0.0,-747.2,,0.0,0.0,-747.2,,0.0,0.0,-747.2,,0.0,0.0,-747.2,,0.0,0.0,-747.2
19045,Hamiliton,24/1 100% Combed Cotton Natural RS,Natural,-506.1,62.9,0.0,-569.0,0.0,,62.9,0.0,-569.0,,0.0,0.0,-569.0,,0.0,0.0,-569.0,,0.0,0.0,-569.0,,0.0,0.0,-569.0,,0.0,0.0,-569.0,,0.0,0.0,-569.0,,0.0,0.0,-569.0,,0.0,0.0,-569.0,,0.0,0.0,-569.0
14415,CREORA/US Hyosung,1/70 100% Spandex Clear H300 ,Clear,26.9,627.0,0.0,-600.1,0.0,,465.5,0.0,-438.6,,161.5,0.0,-600.1,,0.0,0.0,-600.1,,0.0,0.0,-600.1,,0.0,0.0,-600.1,,0.0,0.0,-600.1,,0.0,0.0,-600.1,,0.0,0.0,-600.1,,0.0,0.0,-600.1,,0.0,0.0,-600.1
18307,MERIDIAN SPECIALTY YARN GROUP INC,1/150/36 100% Polyester IRIS ,IRIS,527.1,"1,282.7","1,155.0",399.4,0.0,,946.3,0.0,-419.3,,197.4,0.0,-616.7,,139.0,"1,155.0",399.4,,0.0,0.0,399.4,,0.0,0.0,399.4,,0.0,0.0,399.4,,0.0,0.0,399.4,,0.0,0.0,399.4,,0.0,0.0,399.4,,0.0,0.0,399.4
18870,BUHLER QUALITY YARNS CORP,10/2 80/20 PPS/Glass Natural ,Natural,-162.2,"13,323.9","14,000.0",513.8,"13,000.0",,205.7,0.0,-368.0,,323.3,0.0,-691.3,,323.3,0.0,"-1,014.6",,323.3,0.0,"-1,337.9",,323.3,0.0,"-1,661.2",,323.3,"1,000.0",-984.5,,323.3,0.0,"-1,307.9",,323.3,0.0,"-1,631.2",,323.3,0.0,"-1,954.5",,"10,531.7",0.0,"-12,486.2"
10995,UNIFI,1/2150/408 100% Polyester SOLID BLK ,SOLID BLK,-211.9,23.2,0.0,-235.1,0.0,,23.2,0.0,-235.1,,0.0,0.0,-235.1,,0.0,0.0,-235.1,,0.0,0.0,-235.1,,0.0,0.0,-235.1,,0.0,0.0,-235.1,,0.0,0.0,-235.1,,0.0,0.0,-235.1,,0.0,0.0,-235.1,,0.0,0.0,-235.1
18884,BUHLER QUALITY YARNS CORP,21/1 75/15/10 Modacrylic/Tencel/Nylon Natural Protex C - G100 MVS,Natural,"3,223.0","30,859.8","36,161.3","8,524.5","20,161.3",,"3,444.0",0.0,-220.9,,"9,577.8",0.0,"-9,798.7",,"5,411.9",0.0,"-15,210.6",,"5,411.9",0.0,"-20,622.6",,"5,411.9",0.0,"-26,034.5",,"1,602.3",0.0,"-27,636.8",,0.0,0.0,"-27,636.8",,0.0,0.0,"-27,636.8",,0.0,"4,000.0","-23,636.8",,0.0,"12,000.0","-11,636.8"
13364,PARKDALE YARN MILLS,20/1 100% Karded Cotton Natural OE,Natural,70.2,232.7,0.0,-162.5,0.0,,232.7,0.0,-162.5,,0.0,0.0,-162.5,,0.0,0.0,-162.5,,0.0,0.0,-162.5,,0.0,0.0,-162.5,,0.0,0.0,-162.5,,0.0,0.0,-162.5,,0.0,0.0,-162.5,,0.0,0.0,-162.5,,0.0,0.0,-162.5
18318,SPUNLAB,30/1 70/10/20 Polyester/Cotton/Rayon Black 65% 12% Black Poly 8097 RS,Black 65%,229.0,292.0,0.0,-63.0,0.0,,292.0,0.0,-63.0,,0.0,0.0,-63.0,,0.0,0.0,-63.0,,0.0,0.0,-63.0,,0.0,0.0,-63.0,,0.0,0.0,-63.0,,0.0,0.0,-63.0,,0.0,0.0,-63.0,,0.0,0.0,-63.0,,0.0,0.0,-63.0
18859,NANY,1/70/36 100% Polyester Semi Dull ,Semi Dull,0.0,0.0,"40,600.0","40,600.0",0.0,,0.0,0.0,0.0,,0.0,0.0,0.0,,0.0,0.0,0.0,,0.0,0.0,0.0,,0.0,"5,800.0","5,800.0",,0.0,"5,800.0","11,600.0",,0.0,"5,800.0","17,400.0",,0.0,"5,800.0","23,200.0",,0.0,"5,800.0","29,000.0",,0.0,"11,600.0","40,600.0"
19087,BUHLER QUALITY YARNS CORP,21/1 75/15/10 Protex F/Tencel G100/Nylon Natural ,Natural,0.0,0.0,270.0,270.0,0.0,,0.0,0.0,0.0,,0.0,0.0,0.0,,0.0,0.0,0.0,,0.0,270.0,270.0,,0.0,0.0,270.0,,0.0,0.0,270.0,,0.0,0.0,270.0,,0.0,0.0,270.0,,0.0,0.0,270.0,,0.0,0.0,270.0
19009,DECA GLOBAL,20/1 60/40 Combed Cotton/Polyester Natural RS,Natural,0.0,0.0,"8,000.0","8,000.0","8,000.0",,0.0,0.0,0.0,,0.0,0.0,0.0,,0.0,0.0,0.0,,0.0,0.0,0.0,,0.0,0.0,0.0,,0.0,0.0,0.0,,0.0,0.0,0.0,,0.0,0.0,0.0,,0.0,0.0,0.0,,0.0,0.0,0.0
19067,Marionette,1/150/48 100% Polyester Bright Trilobal Flat ,Bright,0.0,0.0,"44,000.0","44,000.0",0.0,,0.0,0.0,0.0,,0.0,0.0,0.0,,0.0,0.0,0.0,,0.0,0.0,0.0,,0.0,0.0,0.0,,0.0,0.0,0.0,,0.0,0.0,0.0,,0.0,0.0,0.0,,0.0,"44,000.0","44,000.0",,0.0,0.0,"44,000.0"
19091,BARNET,2/300/68 100% Polyester Natural Stretch ,Natural,0.0,0.0,"40,000.0","40,000.0","32,000.0",,0.0,0.0,0.0,,0.0,"8,000.0","8,000.0",,0.0,0.0,"8,000.0",,0.0,0.0,"8,000.0",,0.0,0.0,"8,000.0",,0.0,0.0,"8,000.0",,0.0,0.0,"8,000.0",,0.0,0.0,"8,000.0",,0.0,0.0,"8,000.0",,0.0,0.0,"8,000.0"
19025,DECA GLOBAL,1/150/36 100% Polyester Orange 3373-02 ,Orange,0.0,0.0,"7,000.0","7,000.0","7,000.0",,0.0,0.0,0.0,,0.0,0.0,0.0,,0.0,0.0,0.0,,0.0,0.0,0.0,,0.0,0.0,0.0,,0.0,0.0,0.0,,0.0,0.0,0.0,,0.0,0.0,0.0,,0.0,0.0,0.0,,0.0,0.0,0.0
19071,DRAKE EXTRUSION INC,1/70/36 100% Polypropylene Black PCR with Hindered Amine Light Stablilizer ,Black,0.0,0.0,168.0,168.0,168.0,,0.0,0.0,0.0,,0.0,0.0,0.0,,0.0,0.0,0.0,,0.0,0.0,0.0,,0.0,0.0,0.0,,0.0,0.0,0.0,,0.0,0.0,0.0,,0.0,0.0,0.0,,0.0,0.0,0.0,,0.0,0.0,0.0
14895,SUPREME CORPORATION,1/200/74 96/4 Polyester/Carbonized Nylon Grey Z ,Grey,4.0,1.4,0.0,2.6,0.0,,1.4,0.0,2.6,,0.0,0.0,2.6,,0.0,0.0,2.6,,0.0,0.0,2.6,,0.0,0.0,2.6,,0.0,0.0,2.6,,0.0,0.0,2.6,,0.0,0.0,2.6,,0.0,0.0,2.6,,0.0,0.0,2.6
12066,NOBLE BIOMATERIALS INC,1/70/34 100% Nylon Silver XSTATI ,Silver,10.0,1.0,0.0,9.0,0.0,,1.0,0.0,9.0,,0.0,0.0,9.0,,0.0,0.0,9.0,,0.0,0.0,9.0,,0.0,0.0,9.0,,0.0,0.0,9.0,,0.0,0.0,9.0,,0.0,0.0,9.0,,0.0,0.0,9.0,,0.0,0.0,9.0
14734,XLANCE,1/83 100% XLANCE Natural ELASTOLEFIN ,Natural,126.6,105.6,0.0,21.0,0.0,,105.6,0.0,21.0,,0.0,0.0,21.0,,0.0,0.0,21.0,,0.0,0.0,21.0,,0.0,0.0,21.0,,0.0,0.0,21.0,,0.0,0.0,21.0,,0.0,0.0,21.0,,0.0,0.0,21.0,,0.0,0.0,21.0
18517,DECA GLOBAL,1/100/96 100% Polyester Natural Z ,Natural,131.0,64.9,0.0,66.1,0.0,,64.9,0.0,66.1,,0.0,0.0,66.1,,0.0,0.0,66.1,,0.0,0.0,66.1,,0.0,0.0,66.1,,0.0,0.0,66.1,,0.0,0.0,66.1,,0.0,0.0,66.1,,0.0,0.0,66.1,,0.0,0.0,66.1
12321,UNIFI,1/100/96 100% Polyester Natural SETTS ,Natural,228.1,"2,106.7",0.0,"-1,878.6",0.0,,157.6,0.0,70.6,,247.6,0.0,-177.0,,247.6,0.0,-424.7,,247.6,0.0,-672.3,,247.6,0.0,-919.9,,247.6,0.0,"-1,167.5",,247.6,0.0,"-1,415.1",,247.6,0.0,"-1,662.8",,215.8,0.0,"-1,878.6",,0.0,0.0,"-1,878.6"
19020,R BELDA LLORENS,30/1 55/45 Recycled Polyester/Recycled Cotton Indigo V 169 RS,Indigo,"1,747.2","7,969.9",0.0,"-6,222.7",0.0,,"1,653.8",0.0,93.5,,"1,405.7",0.0,"-1,312.3",,"2,475.7",0.0,"-3,788.0",,"1,442.4",0.0,"-5,230.4",,992.3,0.0,"-6,222.7",,0.0,0.0,"-6,222.7",,0.0,0.0,"-6,222.7",,0.0,0.0,"-6,222.7",,0.0,0.0,"-6,222.7",,0.0,0.0,"-6,222.7"
19031,BUHLER QUALITY YARNS CORP,36/1 45/40/15 Modacrylic/Lenzing FR/Twaron Black MVS,Black,110.6,6.4,0.0,104.2,0.0,,6.4,0.0,104.2,,0.0,0.0,104.2,,0.0,0.0,104.2,,0.0,0.0,104.2,,0.0,0.0,104.2,,0.0,0.0,104.2,,0.0,0.0,104.2,,0.0,0.0,104.2,,0.0,0.0,104.2,,0.0,0.0,104.2
18565,MERIDIAN SPECIALTY YARN GROUP INC,2/450/288 100% Polyester Mink ,Mink,253.0,136.3,0.0,116.7,0.0,,136.3,0.0,116.7,,0.0,0.0,116.7,,0.0,0.0,116.7,,0.0,0.0,116.7,,0.0,0.0,116.7,,0.0,0.0,116.7,,0.0,0.0,116.7,,0.0,0.0,116.7,,0.0,0.0,116.7,,0.0,0.0,116.7
11648,SAPONA,1/40/34 100% Nylon Semi Dull STR ,Semi Dull,126.6,4.9,0.0,121.7,0.0,,4.9,0.0,121.7,,0.0,0.0,121.7,,0.0,0.0,121.7,,0.0,0.0,121.7,,0.0,0.0,121.7,,0.0,0.0,121.7,,0.0,0.0,121.7,,0.0,0.0,121.7,,0.0,0.0,121.7,,0.0,0.0,121.7
19093,CELANESE,1/40/1 100% Neolast Natural ,Natural,172.5,11.3,0.0,161.2,0.0,,11.3,0.0,161.2,,0.0,0.0,161.2,,0.0,0.0,161.2,,0.0,0.0,161.2,,0.0,0.0,161.2,,0.0,0.0,161.2,,0.0,0.0,161.2,,0.0,0.0,161.2,,0.0,0.0,161.2,,0.0,0.0,161.2
11409,TOPL,1/20/12 100% Polyester Semi Dull ,Semi Dull,165.0,1.5,0.0,163.5,0.0,,1.5,0.0,163.5,,0.0,0.0,163.5,,0.0,0.0,163.5,,0.0,0.0,163.5,,0.0,0.0,163.5,,0.0,0.0,163.5,,0.0,0.0,163.5,,0.0,0.0,163.5,,0.0,0.0,163.5,,0.0,0.0,163.5
18725,MERIDIAN SPECIALTY YARN GROUP INC,1/150/36 100% Polyester Lookout 4015-0178-A ,Lookout,165.2,0.0,0.0,165.2,0.0,,0.0,0.0,165.2,,0.0,0.0,165.2,,0.0,0.0,165.2,,0.0,0.0,165.2,,0.0,0.0,165.2,,0.0,0.0,165.2,,0.0,0.0,165.2,,0.0,0.0,165.2,,0.0,0.0,165.2,,0.0,0.0,165.2
14223,SPUNLAB,30/1 85/15 Modacrylic/Tencel Natural PCG100 RS,Natural,166.9,1.3,0.0,165.6,0.0,,1.3,0.0,165.6,,0.0,0.0,165.6,,0.0,0.0,165.6,,0.0,0.0,165.6,,0.0,0.0,165.6,,0.0,0.0,165.6,,0.0,0.0,165.6,,0.0,0.0,165.6,,0.0,0.0,165.6,,0.0,0.0,165.6
12428,UNIFI,1/100/96 100% Polyester Natural STWSTR ,Natural,221.0,43.6,0.0,177.4,0.0,,43.6,0.0,177.4,,0.0,0.0,177.4,,0.0,0.0,177.4,,0.0,0.0,177.4,,0.0,0.0,177.4,,0.0,0.0,177.4,,0.0,0.0,177.4,,0.0,0.0,177.4,,0.0,0.0,177.4,,0.0,0.0,177.4
13794,SPUNLAB,30/1 55/45 Modacrylic/Karded Cotton Natural PRTXC ,Natural,181.8,0.0,0.0,181.8,0.0,,0.0,0.0,181.8,,0.0,0.0,181.8,,0.0,0.0,181.8,,0.0,0.0,181.8,,0.0,0.0,181.8,,0.0,0.0,181.8,,0.0,0.0,181.8,,0.0,0.0,181.8,,0.0,0.0,181.8,,0.0,0.0,181.8
18992,PARKDALE YARN MILLS,30/1 50/37/13 Polyester/Modal Rayon/Karded Cotton Natural RS,Natural,201.2,0.0,0.0,201.2,0.0,,0.0,0.0,201.2,,0.0,0.0,201.2,,0.0,0.0,201.2,,0.0,0.0,201.2,,0.0,0.0,201.2,,0.0,0.0,201.2,,0.0,0.0,201.2,,0.0,0.0,201.2,,0.0,0.0,201.2,,0.0,0.0,201.2
18358,MERIDIAN SPECIALTY YARN GROUP INC,1/150/36 100% Polyester COBALT 01275 ,COBALT,727.0,710.4,0.0,16.6,0.0,,505.0,0.0,222.0,,205.4,0.0,16.6,,0.0,0.0,16.6,,0.0,0.0,16.6,,0.0,0.0,16.6,,0.0,0.0,16.6,,0.0,0.0,16.6,,0.0,0.0,16.6,,0.0,0.0,16.6,,0.0,0.0,16.6
18413,DECA GLOBAL,1/300/72 100% Polyester Natural STR ,Natural,236.0,0.0,"42,000.0","42,236.0","42,000.0",,0.0,0.0,236.0,,0.0,0.0,236.0,,0.0,0.0,236.0,,0.0,0.0,236.0,,0.0,0.0,236.0,,0.0,0.0,236.0,,0.0,0.0,236.0,,0.0,0.0,236.0,,0.0,0.0,236.0,,0.0,0.0,236.0
11427,OMARA TEXTILES,1/145/34 100% Polyester Almond H75 ,Almond,319.0,82.3,0.0,236.7,0.0,,82.3,0.0,236.7,,0.0,0.0,236.7,,0.0,0.0,236.7,,0.0,0.0,236.7,,0.0,0.0,236.7,,0.0,0.0,236.7,,0.0,0.0,236.7,,0.0,0.0,236.7,,0.0,0.0,236.7,,0.0,0.0,236.7
11505,UNIFI,1/2000/408 100% Polyester BLK/BRN SATUR ,BLK/BRN,506.1,259.7,0.0,246.4,0.0,,259.7,0.0,246.4,,0.0,0.0,246.4,,0.0,0.0,246.4,,0.0,0.0,246.4,,0.0,0.0,246.4,,0.0,0.0,246.4,,0.0,0.0,246.4,,0.0,0.0,246.4,,0.0,0.0,246.4,,0.0,0.0,246.4
18733,MERIDIAN SPECIALTY YARN GROUP INC,1/150/36 100% Polyester Orange LW TK poly 4015-01725-A ,Orange,650.2,576.0,0.0,74.2,0.0,,346.2,0.0,304.0,,229.8,0.0,74.2,,0.0,0.0,74.2,,0.0,0.0,74.2,,0.0,0.0,74.2,,0.0,0.0,74.2,,0.0,0.0,74.2,,0.0,0.0,74.2,,0.0,0.0,74.2,,0.0,0.0,74.2
13777,NANY,1/40/24 100% Polyester Semi Dull ,Semi Dull,309.0,2.2,0.0,306.8,0.0,,2.2,0.0,306.8,,0.0,0.0,306.8,,0.0,0.0,306.8,,0.0,0.0,306.8,,0.0,0.0,306.8,,0.0,0.0,306.8,,0.0,0.0,306.8,,0.0,0.0,306.8,,0.0,0.0,306.8,,0.0,0.0,306.8
18229,MERIDIAN SPECIALTY YARN GROUP INC,1/150/36 100% Polyester LT GREY ,LT GREY,330.5,112.0,0.0,218.5,0.0,,0.0,0.0,330.5,,112.0,0.0,218.5,,0.0,0.0,218.5,,0.0,0.0,218.5,,0.0,0.0,218.5,,0.0,0.0,218.5,,0.0,0.0,218.5,,0.0,0.0,218.5,,0.0,0.0,218.5,,0.0,0.0,218.5
11536,BURLINGTON MANUFACTURING SERVICE,1/150/34 100% Polyester ROBINSEGG 340320 ,ROBINSEGG,348.2,6.9,0.0,341.3,0.0,,6.9,0.0,341.3,,0.0,0.0,341.3,,0.0,0.0,341.3,,0.0,0.0,341.3,,0.0,0.0,341.3,,0.0,0.0,341.3,,0.0,0.0,341.3,,0.0,0.0,341.3,,0.0,0.0,341.3,,0.0,0.0,341.3
18966,Betareks A. S.,1/69 100% Lurex Silver 2X20 silver lurex ,Silver,168.0,416.0,250.0,2.0,0.0,,60.9,250.0,357.1,,95.8,0.0,261.3,,95.8,0.0,165.5,,95.8,0.0,69.7,,67.7,0.0,2.0,,0.0,0.0,2.0,,0.0,0.0,2.0,,0.0,0.0,2.0,,0.0,0.0,2.0,,0.0,0.0,2.0
18832,HICKORY THROWING COMPANY,30/1 60/40 Recycled Polyester/Recycled Cotton Marino OE,Marino,693.0,333.0,0.0,360.0,0.0,,333.0,0.0,360.0,,0.0,0.0,360.0,,0.0,0.0,360.0,,0.0,0.0,360.0,,0.0,0.0,360.0,,0.0,0.0,360.0,,0.0,0.0,360.0,,0.0,0.0,360.0,,0.0,0.0,360.0,,0.0,0.0,360.0
18430,SPUNLAB,30/1 100% Celliant Natural ,Natural,552.0,188.4,0.0,363.6,0.0,,188.4,0.0,363.6,,0.0,0.0,363.6,,0.0,0.0,363.6,,0.0,0.0,363.6,,0.0,0.0,363.6,,0.0,0.0,363.6,,0.0,0.0,363.6,,0.0,0.0,363.6,,0.0,0.0,363.6,,0.0,0.0,363.6
18753,MERIDIAN SPECIALTY YARN GROUP INC,1/150/34 100% Polyester Sandstone 4015-01670 ,Sandstone,583.0,143.0,0.0,440.0,0.0,,143.0,0.0,440.0,,0.0,0.0,440.0,,0.0,0.0,440.0,,0.0,0.0,440.0,,0.0,0.0,440.0,,0.0,0.0,440.0,,0.0,0.0,440.0,,0.0,0.0,440.0,,0.0,0.0,440.0,,0.0,0.0,440.0
18804,BUHLER QUALITY YARNS CORP,30/1 60/30/10 Modacrylic/Tencel/Twaron Grey Protex A - Tencel G100-Black Twaron MVS,Grey,448.0,0.8,0.0,447.2,0.0,,0.8,0.0,447.2,,0.0,0.0,447.2,,0.0,0.0,447.2,,0.0,0.0,447.2,,0.0,0.0,447.2,,0.0,0.0,447.2,,0.0,0.0,447.2,,0.0,0.0,447.2,,0.0,0.0,447.2,,0.0,0.0,447.2
18599,The LYCRA Company LLC,1/20 100% Lycra Semi Bright 582L ,Semi Bright,482.9,5.8,0.0,477.1,0.0,,5.8,0.0,477.1,,0.0,0.0,477.1,,0.0,0.0,477.1,,0.0,0.0,477.1,,0.0,0.0,477.1,,0.0,0.0,477.1,,0.0,0.0,477.1,,0.0,0.0,477.1,,0.0,0.0,477.1,,0.0,0.0,477.1
13560,The LYCRA Company LLC,1/70 100% Lycra Semi Bright 582L ,Semi Bright,536.1,49.2,19.5,506.4,19.5,,49.2,0.0,486.9,,0.0,0.0,486.9,,0.0,0.0,486.9,,0.0,0.0,486.9,,0.0,0.0,486.9,,0.0,0.0,486.9,,0.0,0.0,486.9,,0.0,0.0,486.9,,0.0,0.0,486.9,,0.0,0.0,486.9
18929,The LYCRA Company LLC,1/40 100% Lycra Bright Non-Compliant ,Bright,"1,094.7","1,868.2","3,200.0","2,426.4",0.0,,583.2,0.0,511.5,,404.7,0.0,106.8,,333.6,800.0,573.2,,243.2,0.0,330.0,,116.7,0.0,213.3,,48.7,800.0,964.5,,48.1,0.0,916.4,,48.1,0.0,868.3,,41.9,800.0,"1,626.4",,0.0,800.0,"2,426.4"
18974,CELANESE,1/40/3 100% Neolast Natural ,Natural,524.7,12.2,0.0,512.5,0.0,,12.2,0.0,512.5,,0.0,0.0,512.5,,0.0,0.0,512.5,,0.0,0.0,512.5,,0.0,0.0,512.5,,0.0,0.0,512.5,,0.0,0.0,512.5,,0.0,0.0,512.5,,0.0,0.0,512.5,,0.0,0.0,512.5
19019,PARKDALE YARN MILLS,50/1 100% Combed Cotton Natural RS,Natural,573.2,0.0,0.0,573.2,0.0,,0.0,0.0,573.2,,0.0,0.0,573.2,,0.0,0.0,573.2,,0.0,0.0,573.2,,0.0,0.0,573.2,,0.0,0.0,573.2,,0.0,0.0,573.2,,0.0,0.0,573.2,,0.0,0.0,573.2,,0.0,0.0,573.2
18086,KC TEX INC,30/1 100% Rayon Natural ,Natural,911.0,598.8,0.0,312.3,0.0,,296.0,0.0,615.0,,302.8,0.0,312.3,,0.0,0.0,312.3,,0.0,0.0,312.3,,0.0,0.0,312.3,,0.0,0.0,312.3,,0.0,0.0,312.3,,0.0,0.0,312.3,,0.0,0.0,312.3,,0.0,0.0,312.3
18927,DECA GLOBAL,2/300/72 100% Polyester Semi Dull SH LIM Recycled ,Semi Dull,"2,997.7","13,721.9","41,006.4","30,282.2","41,006.4",,"2,365.2",0.0,632.5,,"3,716.7",0.0,"-3,084.2",,"3,606.3",0.0,"-6,690.6",,"2,466.1",0.0,"-9,156.7",,"1,535.2",0.0,"-10,691.8",,32.4,0.0,"-10,724.2",,0.0,0.0,"-10,724.2",,0.0,0.0,"-10,724.2",,0.0,0.0,"-10,724.2",,0.0,0.0,"-10,724.2"
11967,OMARA TEXTILES,1/150/34 100% Polyester Merrimack A368 ,Merrimack,674.0,0.0,885.0,"1,559.0",885.0,,0.0,0.0,674.0,,0.0,0.0,674.0,,0.0,0.0,674.0,,0.0,0.0,674.0,,0.0,0.0,674.0,,0.0,0.0,674.0,,0.0,0.0,674.0,,0.0,0.0,674.0,,0.0,0.0,674.0,,0.0,0.0,674.0
18962,AKRA POLYESTER GROUP/DAK,1/110/36 100% Polyester Natural Stretch no tacks ,Natural,822.1,102.9,0.0,719.2,0.0,,102.9,0.0,719.2,,0.0,0.0,719.2,,0.0,0.0,719.2,,0.0,0.0,719.2,,0.0,0.0,719.2,,0.0,0.0,719.2,,0.0,0.0,719.2,,0.0,0.0,719.2,,0.0,0.0,719.2,,0.0,0.0,719.2
18813,FILS,26/1 100% Nomex Tan 499 ,Tan 499,723.0,1.6,0.0,721.4,0.0,,1.6,0.0,721.4,,0.0,0.0,721.4,,0.0,0.0,721.4,,0.0,0.0,721.4,,0.0,0.0,721.4,,0.0,0.0,721.4,,0.0,0.0,721.4,,0.0,0.0,721.4,,0.0,0.0,721.4,,0.0,0.0,721.4
18622,OMARA TEXTILES,1/150/36 100% Polyester Basalt HOY Flat Bright ,Basalt,728.6,5.7,0.0,722.9,0.0,,5.7,0.0,722.9,,0.0,0.0,722.9,,0.0,0.0,722.9,,0.0,0.0,722.9,,0.0,0.0,722.9,,0.0,0.0,722.9,,0.0,0.0,722.9,,0.0,0.0,722.9,,0.0,0.0,722.9,,0.0,0.0,722.9
18293,MERIDIAN SPECIALTY YARN GROUP INC,1/150/36 100% Polyester MAR ROYAL 4015-01240 ,MAR ROYAL,51.7,"1,428.0","1,680.0",303.7,840.0,,162.2,840.0,729.5,,254.9,0.0,474.6,,509.7,0.0,-35.1,,297.0,0.0,-332.0,,204.3,0.0,-536.3,,0.0,0.0,-536.3,,0.0,0.0,-536.3,,0.0,0.0,-536.3,,0.0,0.0,-536.3,,0.0,0.0,-536.3
18811,COAT,26/1 100% Nomex Freedom Sage ,Freedom Sage,755.0,1.6,0.0,753.4,0.0,,1.6,0.0,753.4,,0.0,0.0,753.4,,0.0,0.0,753.4,,0.0,0.0,753.4,,0.0,0.0,753.4,,0.0,0.0,753.4,,0.0,0.0,753.4,,0.0,0.0,753.4,,0.0,0.0,753.4,,0.0,0.0,753.4
18419,UNIFI,1/70/34 100% Nylon Tan 5902P ,Tan,828.8,0.0,0.0,828.8,0.0,,0.0,0.0,828.8,,0.0,0.0,828.8,,0.0,0.0,828.8,,0.0,0.0,828.8,,0.0,0.0,828.8,,0.0,0.0,828.8,,0.0,0.0,828.8,,0.0,0.0,828.8,,0.0,0.0,828.8,,0.0,0.0,828.8
18645,BUHLER QUALITY YARNS CORP,24/1 85/15 Modacrylic/Tencel Natural MVS,Natural,"3,081.5","2,283.9","7,171.1","7,968.7","7,171.1",,"2,248.9",0.0,832.6,,35.0,0.0,797.6,,0.0,0.0,797.6,,0.0,0.0,797.6,,0.0,0.0,797.6,,0.0,0.0,797.6,,0.0,0.0,797.6,,0.0,0.0,797.6,,0.0,0.0,797.6,,0.0,0.0,797.6
19069,FILSPEC Yarns,46/1 100% Nomex Natural S RS,Natural,"1,511.3","1,065.4",0.0,445.9,0.0,,666.2,0.0,845.1,,399.2,0.0,445.9,,0.0,0.0,445.9,,0.0,0.0,445.9,,0.0,0.0,445.9,,0.0,0.0,445.9,,0.0,0.0,445.9,,0.0,0.0,445.9,,0.0,0.0,445.9,,0.0,0.0,445.9
18861,HILL SPINNING MILL,24/1 100% Combed Cotton Natural RS,Natural,885.9,0.0,0.0,885.9,0.0,,0.0,0.0,885.9,,0.0,0.0,885.9,,0.0,0.0,885.9,,0.0,0.0,885.9,,0.0,0.0,885.9,,0.0,0.0,885.9,,0.0,0.0,885.9,,0.0,0.0,885.9,,0.0,0.0,885.9,,0.0,0.0,885.9
18732,COAT,30/1 50/30/20 Modacrylic/Tencel/Para Aramid Grey Protex C - A100 - Kolon para aramid RS,Grey,893.7,0.3,0.0,893.4,0.0,,0.3,0.0,893.4,,0.0,0.0,893.4,,0.0,0.0,893.4,,0.0,0.0,893.4,,0.0,0.0,893.4,,0.0,0.0,893.4,,0.0,0.0,893.4,,0.0,0.0,893.4,,0.0,0.0,893.4,,0.0,0.0,893.4
18774,PARKDALE YARN MILLS,28/1 78/22 Modacrylic/Rayon Natural MVS,Natural,"1,448.4","1,051.8",0.0,396.6,0.0,,544.9,0.0,903.5,,506.9,0.0,396.6,,0.0,0.0,396.6,,0.0,0.0,396.6,,0.0,0.0,396.6,,0.0,0.0,396.6,,0.0,0.0,396.6,,0.0,0.0,396.6,,0.0,0.0,396.6,,0.0,0.0,396.6
19070,FILSPEC Yarns,46/1 100% Nomex Natural Z RS,Natural,"1,570.7","1,065.4",0.0,505.3,0.0,,666.2,0.0,904.5,,399.2,0.0,505.3,,0.0,0.0,505.3,,0.0,0.0,505.3,,0.0,0.0,505.3,,0.0,0.0,505.3,,0.0,0.0,505.3,,0.0,0.0,505.3,,0.0,0.0,505.3,,0.0,0.0,505.3
18767,UNIFI,1/150/34 100% Polyester Black SETNTS ,Black,"2,196.5","1,280.0",500.0,"1,416.5",0.0,,"1,280.0",0.0,916.5,,0.0,500.0,"1,416.5",,0.0,0.0,"1,416.5",,0.0,0.0,"1,416.5",,0.0,0.0,"1,416.5",,0.0,0.0,"1,416.5",,0.0,0.0,"1,416.5",,0.0,0.0,"1,416.5",,0.0,0.0,"1,416.5",,0.0,0.0,"1,416.5"
18605,R BELDA LLORENS,30/1 50/50 Polyester/Reclaimed Cotton Lino recycled polyester/recycled cotton 155 RS,Lino,"1,074.3",77.0,0.0,997.3,0.0,,77.0,0.0,997.3,,0.0,0.0,997.3,,0.0,0.0,997.3,,0.0,0.0,997.3,,0.0,0.0,997.3,,0.0,0.0,997.3,,0.0,0.0,997.3,,0.0,0.0,997.3,,0.0,0.0,997.3,,0.0,0.0,997.3
18679,UNIFI,1/70/68 100% Polyester Semi Dull 100% Celliant Repreve ,Semi Dull,"1,067.5",442.0,0.0,625.5,0.0,,64.8,0.0,"1,002.7",,101.8,0.0,901.0,,101.8,0.0,799.2,,101.8,0.0,697.5,,72.0,0.0,625.5,,0.0,0.0,625.5,,0.0,0.0,625.5,,0.0,0.0,625.5,,0.0,0.0,625.5,,0.0,0.0,625.5
18795,BUHLER QUALITY YARNS CORP,36/1 55/35/10 Modacrylic/Tencel/Twaron Natural Protex C - G100 - Natural Twaron MVS,Natural,"1,003.0",0.0,0.0,"1,003.0",0.0,,0.0,0.0,"1,003.0",,0.0,0.0,"1,003.0",,0.0,0.0,"1,003.0",,0.0,0.0,"1,003.0",,0.0,0.0,"1,003.0",,0.0,0.0,"1,003.0",,0.0,0.0,"1,003.0",,0.0,0.0,"1,003.0",,0.0,0.0,"1,003.0",,0.0,0.0,"1,003.0"
18770,SPUNLAB,28/1 78/22 Modacrylic/Rayon Natural FR Rayon RS,Natural,"3,927.4","4,595.6",0.0,-668.3,0.0,,"2,907.8",0.0,"1,019.6",,"1,687.8",0.0,-668.3,,0.0,0.0,-668.3,,0.0,0.0,-668.3,,0.0,0.0,-668.3,,0.0,0.0,-668.3,,0.0,0.0,-668.3,,0.0,0.0,-668.3,,0.0,0.0,-668.3,,0.0,0.0,-668.3
19033,VERTEX,1/300/120 100% Polyethylene Black ,Black,"1,123.0",83.7,"1,920.0","2,959.3","1,920.0",,83.7,0.0,"1,039.3",,0.0,0.0,"1,039.3",,0.0,0.0,"1,039.3",,0.0,0.0,"1,039.3",,0.0,0.0,"1,039.3",,0.0,0.0,"1,039.3",,0.0,0.0,"1,039.3",,0.0,0.0,"1,039.3",,0.0,0.0,"1,039.3",,0.0,0.0,"1,039.3"
18712,MERIDIAN SPECIALTY YARN GROUP INC,1/150/36 100% Polyester ST LUCIA 4015-01684-A  ,ST LUCIA,"1,820.7","4,360.8","10,000.0","7,460.0","2,000.0",,767.7,0.0,"1,053.1",,"1,206.3","2,000.0","1,846.8",,"1,206.3",0.0,640.4,,931.7,"2,000.0","1,708.7",,248.7,0.0,"1,460.0",,0.0,"2,000.0","3,460.0",,0.0,0.0,"3,460.0",,0.0,"2,000.0","5,460.0",,0.0,0.0,"5,460.0",,0.0,0.0,"5,460.0"
18569,DECA GLOBAL,1/200/192 100% Polyester Semi Dull ,Semi Dull,"1,107.8",3.9,0.0,"1,103.9",0.0,,3.9,0.0,"1,103.9",,0.0,0.0,"1,103.9",,0.0,0.0,"1,103.9",,0.0,0.0,"1,103.9",,0.0,0.0,"1,103.9",,0.0,0.0,"1,103.9",,0.0,0.0,"1,103.9",,0.0,0.0,"1,103.9",,0.0,0.0,"1,103.9",,0.0,0.0,"1,103.9"
12047,OMARA TEXTILES,1/150/36 100%L44 Polyester Silver FLTBRT ,Silver,"1,564.3","1,351.4","1,578.0","1,790.9","1,578.0",,452.0,0.0,"1,112.3",,405.1,0.0,707.1,,182.6,0.0,524.6,,182.6,0.0,342.0,,129.1,0.0,212.9,,0.0,0.0,212.9,,0.0,0.0,212.9,,0.0,0.0,212.9,,0.0,0.0,212.9,,0.0,0.0,212.9
10153,UNIFI,2/150/34 100% Polyester WHEAT 1196F ,WHEAT,"3,467.0","2,920.9",0.0,546.1,0.0,,"2,323.5",0.0,"1,143.5",,597.4,0.0,546.1,,0.0,0.0,546.1,,0.0,0.0,546.1,,0.0,0.0,546.1,,0.0,0.0,546.1,,0.0,0.0,546.1,,0.0,0.0,546.1,,0.0,0.0,546.1,,0.0,0.0,546.1
18708,UNIFI,1/150/34 100% Polyester Natural Set - Sorbtek ,Natural,"1,146.4","4,573.5","4,864.3","1,437.2","4,864.3",,0.0,0.0,"1,146.4",,0.0,0.0,"1,146.4",,0.0,0.0,"1,146.4",,0.0,0.0,"1,146.4",,0.0,0.0,"1,146.4",,486.1,0.0,660.4,,763.8,0.0,-103.4,,763.8,0.0,-867.2,,763.8,0.0,"-1,631.0",,"1,796.0",0.0,"-3,427.1"
18133,OMARA TEXTILES,1/150/36 100% Polyester MOKKA J133 ,MOKKA,"1,153.9",0.0,0.0,"1,153.9",0.0,,0.0,0.0,"1,153.9",,0.0,0.0,"1,153.9",,0.0,0.0,"1,153.9",,0.0,0.0,"1,153.9",,0.0,0.0,"1,153.9",,0.0,0.0,"1,153.9",,0.0,0.0,"1,153.9",,0.0,0.0,"1,153.9",,0.0,0.0,"1,153.9",,0.0,0.0,"1,153.9"
18184,OMARA TEXTILES,1/150/36 100% Polyester Capri U640 ,Capri,"1,176.5",0.0,"1,019.0","2,195.5","1,019.0",,0.0,0.0,"1,176.5",,0.0,0.0,"1,176.5",,0.0,0.0,"1,176.5",,0.0,0.0,"1,176.5",,0.0,0.0,"1,176.5",,0.0,0.0,"1,176.5",,0.0,0.0,"1,176.5",,0.0,0.0,"1,176.5",,0.0,0.0,"1,176.5",,0.0,0.0,"1,176.5"
18553,SPUNLAB,28/1 80/20 Celliant/Polyester Natural RS,Natural,"1,483.0","2,015.0",0.0,-532.0,0.0,,295.2,0.0,"1,187.8",,463.9,0.0,723.9,,463.9,0.0,260.0,,463.9,0.0,-203.8,,328.1,0.0,-532.0,,0.0,0.0,-532.0,,0.0,0.0,-532.0,,0.0,0.0,-532.0,,0.0,0.0,-532.0,,0.0,0.0,-532.0
18824,CS AMERICA,2/75/72 100% Polyester Semi Dull ,Semi Dull,"1,335.0",135.2,0.0,"1,199.8",0.0,,135.2,0.0,"1,199.8",,0.0,0.0,"1,199.8",,0.0,0.0,"1,199.8",,0.0,0.0,"1,199.8",,0.0,0.0,"1,199.8",,0.0,0.0,"1,199.8",,0.0,0.0,"1,199.8",,0.0,0.0,"1,199.8",,0.0,0.0,"1,199.8",,0.0,0.0,"1,199.8"
18785,VERTEX,1/300/120 100% Polyethylene Dark Grey ,Dark Grey,"1,206.2",0.0,"9,152.0","10,358.2","9,152.0",,0.0,0.0,"1,206.2",,0.0,0.0,"1,206.2",,0.0,0.0,"1,206.2",,0.0,0.0,"1,206.2",,0.0,0.0,"1,206.2",,0.0,0.0,"1,206.2",,0.0,0.0,"1,206.2",,0.0,0.0,"1,206.2",,0.0,0.0,"1,206.2",,0.0,0.0,"1,206.2"
18638,PARKDALE YARN MILLS,30/1 50/50 Polyester/Cotton Natural RS,Natural,"1,605.5",357.5,0.0,"1,248.0",0.0,,357.5,0.0,"1,248.0",,0.0,0.0,"1,248.0",,0.0,0.0,"1,248.0",,0.0,0.0,"1,248.0",,0.0,0.0,"1,248.0",,0.0,0.0,"1,248.0",,0.0,0.0,"1,248.0",,0.0,0.0,"1,248.0",,0.0,0.0,"1,248.0",,0.0,0.0,"1,248.0"
12243,The LYCRA Company LLC,1/20 100% Lycra BRT 162B ,BRT,"1,334.5",40.2,0.0,"1,294.3",0.0,,40.2,0.0,"1,294.3",,0.0,0.0,"1,294.3",,0.0,0.0,"1,294.3",,0.0,0.0,"1,294.3",,0.0,0.0,"1,294.3",,0.0,0.0,"1,294.3",,0.0,0.0,"1,294.3",,0.0,0.0,"1,294.3",,0.0,0.0,"1,294.3",,0.0,0.0,"1,294.3"
18344,UNIFI,1/70/36 100%RFLX Polyester Natural z Non TS STRNTS ,Natural,"1,395.8",48.5,0.0,"1,347.3",0.0,,48.5,0.0,"1,347.3",,0.0,0.0,"1,347.3",,0.0,0.0,"1,347.3",,0.0,0.0,"1,347.3",,0.0,0.0,"1,347.3",,0.0,0.0,"1,347.3",,0.0,0.0,"1,347.3",,0.0,0.0,"1,347.3",,0.0,0.0,"1,347.3",,0.0,0.0,"1,347.3"
13545,The LYCRA Company LLC,1/40 100% Lycra Semi Bright 582L ,Semi Bright,"1,373.9",17.8,0.0,"1,356.1",0.0,,17.8,0.0,"1,356.1",,0.0,0.0,"1,356.1",,0.0,0.0,"1,356.1",,0.0,0.0,"1,356.1",,0.0,0.0,"1,356.1",,0.0,0.0,"1,356.1",,0.0,0.0,"1,356.1",,0.0,0.0,"1,356.1",,0.0,0.0,"1,356.1",,0.0,0.0,"1,356.1"
18794,DECA GLOBAL,2/300/96 100% Polyester Black S&Z BSD DH HIM ,Black,"1,382.8",12.6,0.0,"1,370.3",0.0,,12.6,0.0,"1,370.3",,0.0,0.0,"1,370.3",,0.0,0.0,"1,370.3",,0.0,0.0,"1,370.3",,0.0,0.0,"1,370.3",,0.0,0.0,"1,370.3",,0.0,0.0,"1,370.3",,0.0,0.0,"1,370.3",,0.0,0.0,"1,370.3",,0.0,0.0,"1,370.3"
18233,PROMPTEX YARNS INC,1/150/48 100% Polyester BRT TRILOB ,BRT,"3,592.4","6,265.7",0.0,"-2,673.3",0.0,,"2,183.3",0.0,"1,409.1",,"1,572.6",0.0,-163.5,,"1,250.1",0.0,"-1,413.6",,839.8,0.0,"-2,253.5",,419.8,0.0,"-2,673.3",,0.0,0.0,"-2,673.3",,0.0,0.0,"-2,673.3",,0.0,0.0,"-2,673.3",,0.0,0.0,"-2,673.3",,0.0,0.0,"-2,673.3"
18726,PARKDALE YARN MILLS,8/1 100% Karded Cotton Natural OE,Natural,"1,413.3",0.0,0.0,"1,413.3",0.0,,0.0,0.0,"1,413.3",,0.0,0.0,"1,413.3",,0.0,0.0,"1,413.3",,0.0,0.0,"1,413.3",,0.0,0.0,"1,413.3",,0.0,0.0,"1,413.3",,0.0,0.0,"1,413.3",,0.0,0.0,"1,413.3",,0.0,0.0,"1,413.3",,0.0,0.0,"1,413.3"
18282,SAPONA,1/70/68 100% Nylon Natural ,Natural,"1,610.9",69.3,0.0,"1,541.7",0.0,,69.3,0.0,"1,541.7",,0.0,0.0,"1,541.7",,0.0,0.0,"1,541.7",,0.0,0.0,"1,541.7",,0.0,0.0,"1,541.7",,0.0,0.0,"1,541.7",,0.0,0.0,"1,541.7",,0.0,0.0,"1,541.7",,0.0,0.0,"1,541.7",,0.0,0.0,"1,541.7"
9296,UNIFI,1/150/34 100% Polyester Black SATURA ,Black,"1,567.0",0.0,0.0,"1,567.0",0.0,,0.0,0.0,"1,567.0",,0.0,0.0,"1,567.0",,0.0,0.0,"1,567.0",,0.0,0.0,"1,567.0",,0.0,0.0,"1,567.0",,0.0,0.0,"1,567.0",,0.0,0.0,"1,567.0",,0.0,0.0,"1,567.0",,0.0,0.0,"1,567.0",,0.0,0.0,"1,567.0"
18669,CS AMERICA,1/75/72 100% Polyester Natural ,Natural,"2,147.3",526.3,0.0,"1,621.1",0.0,,526.3,0.0,"1,621.1",,0.0,0.0,"1,621.1",,0.0,0.0,"1,621.1",,0.0,0.0,"1,621.1",,0.0,0.0,"1,621.1",,0.0,0.0,"1,621.1",,0.0,0.0,"1,621.1",,0.0,0.0,"1,621.1",,0.0,0.0,"1,621.1",,0.0,0.0,"1,621.1"
13561,The LYCRA Company LLC,1/30 100% Lycra Semi Bright 582L ,Semi Bright,"1,751.6",0.4,0.0,"1,751.2",0.0,,0.4,0.0,"1,751.2",,0.0,0.0,"1,751.2",,0.0,0.0,"1,751.2",,0.0,0.0,"1,751.2",,0.0,0.0,"1,751.2",,0.0,0.0,"1,751.2",,0.0,0.0,"1,751.2",,0.0,0.0,"1,751.2",,0.0,0.0,"1,751.2",,0.0,0.0,"1,751.2"
19054,BUHLER QUALITY YARNS CORP,30/1 85/15 Modacrylic/Tencel Natural Protex C - G100 RS,Natural,"3,384.8","1,647.0","2,526.4","4,264.1","2,526.4",,"1,621.8",0.0,"1,762.9",,25.2,0.0,"1,737.7",,0.0,0.0,"1,737.7",,0.0,0.0,"1,737.7",,0.0,0.0,"1,737.7",,0.0,0.0,"1,737.7",,0.0,0.0,"1,737.7",,0.0,0.0,"1,737.7",,0.0,0.0,"1,737.7",,0.0,0.0,"1,737.7"
18164,MERIDIAN SPECIALTY YARN GROUP INC,1/150/36 100% Polyester GLACRGREY ,GLACRGREY,"1,958.3",789.6,0.0,"1,168.7",0.0,,144.5,0.0,"1,813.9",,218.1,0.0,"1,595.7",,218.1,0.0,"1,377.6",,208.9,0.0,"1,168.7",,0.0,0.0,"1,168.7",,0.0,0.0,"1,168.7",,0.0,0.0,"1,168.7",,0.0,0.0,"1,168.7",,0.0,0.0,"1,168.7",,0.0,0.0,"1,168.7"
18452,DECA GLOBAL,1/150/72 100% Polyester BLK/WHT STRIAT ,BLK/WHT,"2,591.5","1,996.4",0.0,595.0,0.0,,766.8,0.0,"1,824.6",,"1,229.6",0.0,595.0,,0.0,0.0,595.0,,0.0,0.0,595.0,,0.0,0.0,595.0,,0.0,0.0,595.0,,0.0,0.0,595.0,,0.0,0.0,595.0,,0.0,0.0,595.0,,0.0,0.0,595.0
19062,PARKDALE YARN MILLS,50/1 100% Combed Cotton Natural Yeager waxed RS,Natural,"1,906.6",40.0,0.0,"1,866.6",0.0,,40.0,0.0,"1,866.6",,0.0,0.0,"1,866.6",,0.0,0.0,"1,866.6",,0.0,0.0,"1,866.6",,0.0,0.0,"1,866.6",,0.0,0.0,"1,866.6",,0.0,0.0,"1,866.6",,0.0,0.0,"1,866.6",,0.0,0.0,"1,866.6",,0.0,0.0,"1,866.6"
18961,OMARA TEXTILES,1/150/34 100% Polyester Dawn Grey ,Dawn Grey,"2,746.0","5,047.7","3,000.0",698.4,"3,000.0",,861.6,0.0,"1,884.4",,"1,345.1",0.0,539.4,,"1,307.5",0.0,-768.1,,919.0,0.0,"-1,687.1",,601.8,0.0,"-2,288.9",,12.7,0.0,"-2,301.6",,0.0,0.0,"-2,301.6",,0.0,0.0,"-2,301.6",,0.0,0.0,"-2,301.6",,0.0,0.0,"-2,301.6"
18598,MERIDIAN SPECIALTY YARN GROUP INC,1/150/36 100% Polyester Paris Blue ,Paris Blue,"2,742.2","3,526.0",840.0,56.2,840.0,,838.9,0.0,"1,903.3",,"1,318.3",0.0,584.9,,"1,159.8",0.0,-574.9,,208.9,0.0,-783.8,,0.0,0.0,-783.8,,0.0,0.0,-783.8,,0.0,0.0,-783.8,,0.0,0.0,-783.8,,0.0,0.0,-783.8,,0.0,0.0,-783.8
18320,PREMIERE FIBERS INC,1/70/34 100% Nylon Semi Dull FLAT ,Semi Dull,"1,906.3","2,017.3",0.0,-111.0,0.0,,0.0,0.0,"1,906.3",,0.0,0.0,"1,906.3",,0.0,0.0,"1,906.3",,0.0,0.0,"1,906.3",,0.0,0.0,"1,906.3",,214.4,0.0,"1,691.9",,336.9,0.0,"1,355.0",,336.9,0.0,"1,018.1",,336.9,0.0,681.2,,792.2,0.0,-111.0
18893,DECA GLOBAL,1/150/48 100% Polyester Connect Blue ,Connect Blue,"1,997.3",822.3,"9,464.8","10,639.9","9,464.8",,0.0,0.0,"1,997.3",,718.3,0.0,"1,279.0",,103.9,0.0,"1,175.1",,0.0,0.0,"1,175.1",,0.0,0.0,"1,175.1",,0.0,0.0,"1,175.1",,0.0,0.0,"1,175.1",,0.0,0.0,"1,175.1",,0.0,0.0,"1,175.1",,0.0,0.0,"1,175.1"
18696,"B&W Fiber Glass, Inc",1/198 100% Glass Natural ,Natural,"2,293.3","15,441.1","16,000.0","2,852.2",0.0,,238.4,0.0,"2,054.8",,374.7,0.0,"1,680.1",,374.7,0.0,"1,305.4",,374.7,0.0,930.8,,374.7,0.0,556.1,,374.7,0.0,181.4,,374.7,"1,600.0","1,406.7",,374.7,0.0,"1,032.0",,374.7,0.0,657.3,,"12,205.1","14,400.0","2,852.2"
18954,OMARA TEXTILES,1/150/34 100% Polyester Fosse Ink A1652 ,Fosse Ink,"2,729.6","3,761.2","6,072.0","5,040.5",72.0,,662.1,0.0,"2,067.5",,"1,040.4","2,000.0","3,027.1",,"1,040.4",0.0,"1,986.6",,803.6,"2,000.0","3,183.0",,214.5,0.0,"2,968.5",,0.0,"2,000.0","4,968.5",,0.0,0.0,"4,968.5",,0.0,0.0,"4,968.5",,0.0,0.0,"4,968.5",,0.0,0.0,"4,968.5"
18758,PREMIERE FIBERS INC,1/100/34 100% Nylon Semi Dull RNDFDY ,Semi Dull,"2,467.9",529.6,0.0,"1,938.2",0.0,,295.3,0.0,"2,172.6",,234.3,0.0,"1,938.2",,0.0,0.0,"1,938.2",,0.0,0.0,"1,938.2",,0.0,0.0,"1,938.2",,0.0,0.0,"1,938.2",,0.0,0.0,"1,938.2",,0.0,0.0,"1,938.2",,0.0,0.0,"1,938.2",,0.0,0.0,"1,938.2"
8351,UNIFI,1/100/36 100% Polyester Natural SETNTS ,Natural,"2,223.0",42.9,0.0,"2,180.1",0.0,,42.9,0.0,"2,180.1",,0.0,0.0,"2,180.1",,0.0,0.0,"2,180.1",,0.0,0.0,"2,180.1",,0.0,0.0,"2,180.1",,0.0,0.0,"2,180.1",,0.0,0.0,"2,180.1",,0.0,0.0,"2,180.1",,0.0,0.0,"2,180.1",,0.0,0.0,"2,180.1"
18910,PARKDALE YARN MILLS,30/1 99/1 Polyester Black 1% 99%natural poly/1%black poly MVS,Black 1%,"2,548.6","2,622.9","5,000.0","4,925.7",0.0,,309.2,0.0,"2,239.4",,293.9,"1,000.0","2,945.5",,293.9,0.0,"2,651.6",,293.9,0.0,"2,357.6",,293.9,"1,000.0","3,063.7",,293.9,0.0,"2,769.7",,293.9,0.0,"2,475.8",,293.9,"1,000.0","3,181.9",,256.2,0.0,"2,925.7",,0.0,"2,000.0","4,925.7"
18415,UNIFI,1/50/68 100% Polyester CON BLACK 9458P ,CON BLACK,"2,286.5",5.4,0.0,"2,281.1",0.0,,5.4,0.0,"2,281.1",,0.0,0.0,"2,281.1",,0.0,0.0,"2,281.1",,0.0,0.0,"2,281.1",,0.0,0.0,"2,281.1",,0.0,0.0,"2,281.1",,0.0,0.0,"2,281.1",,0.0,0.0,"2,281.1",,0.0,0.0,"2,281.1",,0.0,0.0,"2,281.1"
18991,INMAN MILLS,14/1 100% FRL-PZ Rayon Natural AJ,Natural,"2,382.2",0.0,"2,268.0","4,650.2","2,268.0",,0.0,0.0,"2,382.2",,0.0,0.0,"2,382.2",,0.0,0.0,"2,382.2",,0.0,0.0,"2,382.2",,0.0,0.0,"2,382.2",,0.0,0.0,"2,382.2",,0.0,0.0,"2,382.2",,0.0,0.0,"2,382.2",,0.0,0.0,"2,382.2",,0.0,0.0,"2,382.2"
18312,PROMPTEX YARNS INC,30/1 100% Polyester OB RS,OB,"2,647.6",262.0,0.0,"2,385.6",0.0,,262.0,0.0,"2,385.6",,0.0,0.0,"2,385.6",,0.0,0.0,"2,385.6",,0.0,0.0,"2,385.6",,0.0,0.0,"2,385.6",,0.0,0.0,"2,385.6",,0.0,0.0,"2,385.6",,0.0,0.0,"2,385.6",,0.0,0.0,"2,385.6",,0.0,0.0,"2,385.6"
10027,UNIFI,2/150/34 100% Polyester SOLDY BLK SET W/ TACKS SATURA ,SOLDY BLK,"4,669.9","9,812.6","5,000.0",-142.7,0.0,,"2,261.3",0.0,"2,408.7",,"3,353.6","2,500.0","1,555.1",,"2,537.3","2,500.0","1,517.8",,"1,356.6",0.0,161.2,,303.9,0.0,-142.7,,0.0,0.0,-142.7,,0.0,0.0,-142.7,,0.0,0.0,-142.7,,0.0,0.0,-142.7,,0.0,0.0,-142.7
18904,CS AMERICA,1/150/36 100% Polyester China Grey Set ,China Grey,"4,228.7","3,637.9","6,449.0","7,039.8","-3,151.0",,"1,723.8",0.0,"2,504.9",,820.7,"2,400.0","4,084.2",,521.5,0.0,"3,562.7",,521.5,0.0,"3,041.2",,50.4,0.0,"2,990.8",,0.0,"2,400.0","5,390.8",,0.0,0.0,"5,390.8",,0.0,0.0,"5,390.8",,0.0,0.0,"5,390.8",,0.0,"4,800.0","10,190.8"
18208,UNIFI,2/70/130 100% Polyester Heather SET TS ,Heather,"2,853.3",867.2,0.0,"1,986.1",0.0,,270.8,0.0,"2,582.5",,329.1,0.0,"2,253.4",,186.8,0.0,"2,066.6",,80.5,0.0,"1,986.1",,0.0,0.0,"1,986.1",,0.0,0.0,"1,986.1",,0.0,0.0,"1,986.1",,0.0,0.0,"1,986.1",,0.0,0.0,"1,986.1",,0.0,0.0,"1,986.1"
18788,CS AMERICA,1/75/48 100% Polyester Semi Dull DTY 2H SET SIM ,Semi Dull,"3,275.0","4,060.0",0.0,-785.0,0.0,,580.0,0.0,"2,695.0",,0.0,0.0,"2,695.0",,0.0,0.0,"2,695.0",,0.0,0.0,"2,695.0",,279.6,0.0,"2,415.4",,"1,025.2",0.0,"1,390.2",,"1,025.2",0.0,365.0,,"1,025.2",0.0,-660.2,,124.8,0.0,-785.0,,0.0,0.0,-785.0
18987,DECA GLOBAL,4/300/72 100% Polyester Semi Dull stretch ,Semi Dull,"5,803.7","3,034.6","40,000.0","42,769.1","40,000.0",,"3,034.6",0.0,"2,769.1",,0.0,0.0,"2,769.1",,0.0,0.0,"2,769.1",,0.0,0.0,"2,769.1",,0.0,0.0,"2,769.1",,0.0,0.0,"2,769.1",,0.0,0.0,"2,769.1",,0.0,0.0,"2,769.1",,0.0,0.0,"2,769.1",,0.0,0.0,"2,769.1"
18341,UNIFI,1/70/36 100%RFLX Polyester Semi Dull S Non TS STRNTS ,Semi Dull,"2,857.4",47.8,0.0,"2,809.6",0.0,,47.8,0.0,"2,809.6",,0.0,0.0,"2,809.6",,0.0,0.0,"2,809.6",,0.0,0.0,"2,809.6",,0.0,0.0,"2,809.6",,0.0,0.0,"2,809.6",,0.0,0.0,"2,809.6",,0.0,0.0,"2,809.6",,0.0,0.0,"2,809.6",,0.0,0.0,"2,809.6"
11759,UNIFI,1/150/34 100% Polyester Natural SETNTS ,Natural,"2,939.0",0.0,0.0,"2,939.0",0.0,,0.0,0.0,"2,939.0",,0.0,0.0,"2,939.0",,0.0,0.0,"2,939.0",,0.0,0.0,"2,939.0",,0.0,0.0,"2,939.0",,0.0,0.0,"2,939.0",,0.0,0.0,"2,939.0",,0.0,0.0,"2,939.0",,0.0,0.0,"2,939.0",,0.0,0.0,"2,939.0"
18575,PARKDALE YARN MILLS,30/1 100% Combed Cotton Natural z RS,Natural,"3,002.4",0.0,0.0,"3,002.4",0.0,,0.0,0.0,"3,002.4",,0.0,0.0,"3,002.4",,0.0,0.0,"3,002.4",,0.0,0.0,"3,002.4",,0.0,0.0,"3,002.4",,0.0,0.0,"3,002.4",,0.0,0.0,"3,002.4",,0.0,0.0,"3,002.4",,0.0,0.0,"3,002.4",,0.0,0.0,"3,002.4"
18454,MERIDIAN SPECIALTY YARN GROUP INC,1/150/34 100% Polyester MOCHA ,MOCHA,"3,083.2",61.9,0.0,"3,021.4",0.0,,61.9,0.0,"3,021.4",,0.0,0.0,"3,021.4",,0.0,0.0,"3,021.4",,0.0,0.0,"3,021.4",,0.0,0.0,"3,021.4",,0.0,0.0,"3,021.4",,0.0,0.0,"3,021.4",,0.0,0.0,"3,021.4",,0.0,0.0,"3,021.4",,0.0,0.0,"3,021.4"
18993,DECA GLOBAL,1/75/36 100% Polyester Black ,Black,"3,688.1","2,230.9","34,539.2","35,996.4","34,539.2",,479.2,0.0,"3,208.8",,588.1,0.0,"2,620.8",,588.1,0.0,"2,032.7",,454.2,0.0,"1,578.5",,121.3,0.0,"1,457.2",,0.0,0.0,"1,457.2",,0.0,0.0,"1,457.2",,0.0,0.0,"1,457.2",,0.0,0.0,"1,457.2",,0.0,0.0,"1,457.2"
18737,MUTU GADING TEKSTIL,1/150/48 100% Polyester Cashmere PL5402-01 ,Cashmere,"4,418.0","2,840.5","7,174.3","8,751.8","7,174.3",,"1,204.5",0.0,"3,213.5",,729.3,0.0,"2,484.3",,432.5,0.0,"2,051.8",,432.5,0.0,"1,619.3",,41.8,0.0,"1,577.5",,0.0,0.0,"1,577.5",,0.0,0.0,"1,577.5",,0.0,0.0,"1,577.5",,0.0,0.0,"1,577.5",,0.0,0.0,"1,577.5"
18290,UNIFI,1/150/34 100% Polyester Dawn Grey ,Dawn Grey,"3,909.7","3,621.1","5,005.1","5,293.8",5.1,,692.1,0.0,"3,217.6",,"1,272.1","2,500.0","4,445.5",,"1,001.5","2,500.0","5,944.1",,535.5,0.0,"5,408.6",,119.9,0.0,"5,288.7",,0.0,0.0,"5,288.7",,0.0,0.0,"5,288.7",,0.0,0.0,"5,288.7",,0.0,0.0,"5,288.7",,0.0,0.0,"5,288.7"
18900,PARKDALE YARN MILLS,30/1 96/4 Polyester Ashe 4% MVS,Ashe 4%,"3,416.5","1,371.3",0.0,"2,045.2",0.0,,180.3,0.0,"3,236.2",,998.3,0.0,"2,237.9",,192.7,0.0,"2,045.2",,0.0,0.0,"2,045.2",,0.0,0.0,"2,045.2",,0.0,0.0,"2,045.2",,0.0,0.0,"2,045.2",,0.0,0.0,"2,045.2",,0.0,0.0,"2,045.2",,0.0,0.0,"2,045.2"
19030,DUNAWAY YARNS INC,30/1 100% Polyester Natural RS,Natural,"4,000.8","1,216.1",0.0,"2,784.7",0.0,,713.0,0.0,"3,287.8",,503.1,0.0,"2,784.7",,0.0,0.0,"2,784.7",,0.0,0.0,"2,784.7",,0.0,0.0,"2,784.7",,0.0,0.0,"2,784.7",,0.0,0.0,"2,784.7",,0.0,0.0,"2,784.7",,0.0,0.0,"2,784.7",,0.0,0.0,"2,784.7"
18771,CS AMERICA,1/150/96 100% Polyester Semi Dull ,Semi Dull,"2,822.4","2,991.0","12,000.0","11,831.5","8,500.0",,"2,991.0","3,500.0","3,331.5",,0.0,0.0,"3,331.5",,0.0,0.0,"3,331.5",,0.0,0.0,"3,331.5",,0.0,0.0,"3,331.5",,0.0,0.0,"3,331.5",,0.0,0.0,"3,331.5",,0.0,0.0,"3,331.5",,0.0,0.0,"3,331.5",,0.0,0.0,"3,331.5"
18894,DECA GLOBAL,1/150/48 100% Polyester Torso Blue ,Torso Blue,"5,572.1","7,978.3",0.0,"-2,406.1",0.0,,"2,135.2",0.0,"3,437.0",,"2,833.2",0.0,603.8,,"2,024.8",0.0,"-1,421.0",,426.5,0.0,"-1,847.5",,333.9,0.0,"-2,181.4",,129.6,0.0,"-2,311.0",,95.2,0.0,"-2,406.1",,0.0,0.0,"-2,406.1",,0.0,0.0,"-2,406.1",,0.0,0.0,"-2,406.1"
12150,UNIFI,1/70/34 100% Polyester Black SATURA ,Black,"3,451.3",0.0,0.0,"3,451.3",0.0,,0.0,0.0,"3,451.3",,0.0,0.0,"3,451.3",,0.0,0.0,"3,451.3",,0.0,0.0,"3,451.3",,0.0,0.0,"3,451.3",,0.0,0.0,"3,451.3",,0.0,0.0,"3,451.3",,0.0,0.0,"3,451.3",,0.0,0.0,"3,451.3",,0.0,0.0,"3,451.3"
19076,COMTRADE,24/1 100% Combed Cotton Natural RS,Natural,"3,608.5",81.3,"8,000.0","11,527.2",0.0,,81.3,0.0,"3,527.2",,0.0,0.0,"3,527.2",,0.0,0.0,"3,527.2",,0.0,0.0,"3,527.2",,0.0,"3,150.0","6,677.2",,0.0,"4,850.0","11,527.2",,0.0,0.0,"11,527.2",,0.0,0.0,"11,527.2",,0.0,0.0,"11,527.2",,0.0,0.0,"11,527.2"
18024,UNIFI,1/70/34 100% Nylon Black STR ,Black,"3,546.6",0.0,0.0,"3,546.6",0.0,,0.0,0.0,"3,546.6",,0.0,0.0,"3,546.6",,0.0,0.0,"3,546.6",,0.0,0.0,"3,546.6",,0.0,0.0,"3,546.6",,0.0,0.0,"3,546.6",,0.0,0.0,"3,546.6",,0.0,0.0,"3,546.6",,0.0,0.0,"3,546.6",,0.0,0.0,"3,546.6"
18673,DECA GLOBAL,1/150/48 100% Polyester Cool Grey 7445-02 ,Cool Grey,"4,227.7","1,186.8",0.0,"3,040.9",0.0,,599.3,0.0,"3,628.4",,587.5,0.0,"3,040.9",,0.0,0.0,"3,040.9",,0.0,0.0,"3,040.9",,0.0,0.0,"3,040.9",,0.0,0.0,"3,040.9",,0.0,0.0,"3,040.9",,0.0,0.0,"3,040.9",,0.0,0.0,"3,040.9",,0.0,0.0,"3,040.9"
18019,PARKDALE YARN MILLS,18/1 100% Karded Cotton Natural OE,Natural,"7,477.5","12,443.7","7,281.0","2,314.8",481.0,,"3,827.8",0.0,"3,649.7",,"6,015.2","6,800.0","4,434.5",,"2,600.7",0.0,"1,833.8",,0.0,0.0,"1,833.8",,0.0,0.0,"1,833.8",,0.0,0.0,"1,833.8",,0.0,0.0,"1,833.8",,0.0,0.0,"1,833.8",,0.0,0.0,"1,833.8",,0.0,0.0,"1,833.8"
18414,DECA GLOBAL,3/300/72 100% Polyester Natural ,Natural,"8,402.3","8,104.2","34,424.0","34,722.1","34,424.0",,"4,517.8",0.0,"3,884.4",,"3,586.3",0.0,298.1,,0.0,0.0,298.1,,0.0,0.0,298.1,,0.0,0.0,298.1,,0.0,0.0,298.1,,0.0,0.0,298.1,,0.0,0.0,298.1,,0.0,0.0,298.1,,0.0,0.0,298.1
19004,PARKDALE YARN MILLS,24/1 96/4 Polyester Black 4% MVS,Black 4%,-994.4,0.0,"20,000.0","19,005.6",0.0,,0.0,"5,000.0","4,005.6",,0.0,"5,000.0","9,005.6",,0.0,"5,000.0","14,005.6",,0.0,"5,000.0","19,005.6",,0.0,0.0,"19,005.6",,0.0,0.0,"19,005.6",,0.0,0.0,"19,005.6",,0.0,0.0,"19,005.6",,0.0,0.0,"19,005.6",,0.0,0.0,"19,005.6"
18617,AKRA POLYESTER GROUP/DAK,1/150/36 100% Polyester Grey Renol ,Grey Renol,"4,091.6",5.7,0.0,"4,086.0",0.0,,5.7,0.0,"4,086.0",,0.0,0.0,"4,086.0",,0.0,0.0,"4,086.0",,0.0,0.0,"4,086.0",,0.0,0.0,"4,086.0",,0.0,0.0,"4,086.0",,0.0,0.0,"4,086.0",,0.0,0.0,"4,086.0",,0.0,0.0,"4,086.0",,0.0,0.0,"4,086.0"
18615,AKRA POLYESTER GROUP/DAK,1/150/36 100% Polyester South Sea ,South Sea,"4,179.6",6.9,0.0,"4,172.7",0.0,,6.9,0.0,"4,172.7",,0.0,0.0,"4,172.7",,0.0,0.0,"4,172.7",,0.0,0.0,"4,172.7",,0.0,0.0,"4,172.7",,0.0,0.0,"4,172.7",,0.0,0.0,"4,172.7",,0.0,0.0,"4,172.7",,0.0,0.0,"4,172.7",,0.0,0.0,"4,172.7"
18869,UNIFI,1/150/34 100% Polyester Black SET Sorbtek ,Black,"4,493.3",504.7,0.0,"3,988.6",0.0,,281.4,0.0,"4,211.9",,223.3,0.0,"3,988.6",,0.0,0.0,"3,988.6",,0.0,0.0,"3,988.6",,0.0,0.0,"3,988.6",,0.0,0.0,"3,988.6",,0.0,0.0,"3,988.6",,0.0,0.0,"3,988.6",,0.0,0.0,"3,988.6",,0.0,0.0,"3,988.6"
18306,MERIDIAN SPECIALTY YARN GROUP INC,1/150/36 100% Polyester NEWROBEGG NTS ,NEWROBEGG,"4,233.8",5.7,0.0,"4,228.1",0.0,,5.7,0.0,"4,228.1",,0.0,0.0,"4,228.1",,0.0,0.0,"4,228.1",,0.0,0.0,"4,228.1",,0.0,0.0,"4,228.1",,0.0,0.0,"4,228.1",,0.0,0.0,"4,228.1",,0.0,0.0,"4,228.1",,0.0,0.0,"4,228.1",,0.0,0.0,"4,228.1"
18469,HYOSUNG HOLDINGS USA INC,1/50/1 100% Polyester Semi Dull Monofilament ,Semi Dull,"4,360.7",763.0,0.0,"3,597.8",0.0,,76.2,0.0,"4,284.5",,119.8,0.0,"4,164.8",,119.8,0.0,"4,045.0",,119.8,0.0,"3,925.2",,119.8,0.0,"3,805.5",,119.8,0.0,"3,685.7",,88.0,0.0,"3,597.8",,0.0,0.0,"3,597.8",,0.0,0.0,"3,597.8",,0.0,0.0,"3,597.8"
18573,SPUNLAB,36/1 55/45 Modacrylic/Karded Cotton Natural Protex C RS,Natural,"4,411.6",15.2,0.0,"4,396.4",0.0,,15.2,0.0,"4,396.4",,0.0,0.0,"4,396.4",,0.0,0.0,"4,396.4",,0.0,0.0,"4,396.4",,0.0,0.0,"4,396.4",,0.0,0.0,"4,396.4",,0.0,0.0,"4,396.4",,0.0,0.0,"4,396.4",,0.0,0.0,"4,396.4",,0.0,0.0,"4,396.4"
18372,DECA GLOBAL,1/150/36 100% Polyester Black ,Black,714.5,"1,470.5","5,000.0","4,244.0",0.0,,"1,317.7","5,000.0","4,396.7",,152.8,0.0,"4,244.0",,0.0,0.0,"4,244.0",,0.0,0.0,"4,244.0",,0.0,0.0,"4,244.0",,0.0,0.0,"4,244.0",,0.0,0.0,"4,244.0",,0.0,0.0,"4,244.0",,0.0,0.0,"4,244.0",,0.0,0.0,"4,244.0"
14242,SPUNLAB,36/1 85/15 Modacrylic/Tencel Natural G100 RS,Natural,"4,632.4",0.0,0.0,"4,632.4",0.0,,0.0,0.0,"4,632.4",,0.0,0.0,"4,632.4",,0.0,0.0,"4,632.4",,0.0,0.0,"4,632.4",,0.0,0.0,"4,632.4",,0.0,0.0,"4,632.4",,0.0,0.0,"4,632.4",,0.0,0.0,"4,632.4",,0.0,0.0,"4,632.4",,0.0,0.0,"4,632.4"
18865,UNIFI,1/70/34 100% Polyester Natural Virgin 56T ,Natural,"5,001.2","1,238.5","16,649.0","20,411.7",0.0,,197.6,0.0,"4,803.6",,316.7,0.0,"4,486.9",,239.7,"16,649.0","20,896.2",,239.7,0.0,"20,656.5",,239.7,0.0,"20,416.8",,5.1,0.0,"20,411.7",,0.0,0.0,"20,411.7",,0.0,0.0,"20,411.7",,0.0,0.0,"20,411.7",,0.0,0.0,"20,411.7"
18373,DECA GLOBAL,2/150/48 100% Polyester Black ,Black,"5,898.0","4,465.1",0.0,"1,432.9",0.0,,516.9,0.0,"5,381.1",,794.9,0.0,"4,586.1",,"1,589.8",0.0,"2,996.3",,926.2,0.0,"2,070.1",,637.2,0.0,"1,432.9",,0.0,0.0,"1,432.9",,0.0,0.0,"1,432.9",,0.0,0.0,"1,432.9",,0.0,0.0,"1,432.9",,0.0,0.0,"1,432.9"
18707,PREMIERE FIBERS INC,1/140/34 100% Nylon Semi Dull ,Semi Dull,"6,062.0","9,850.8","6,343.0","2,554.2","6,343.0",,581.3,0.0,"5,480.7",,461.3,0.0,"5,019.4",,0.0,0.0,"5,019.4",,0.0,0.0,"5,019.4",,0.0,0.0,"5,019.4",,936.1,0.0,"4,083.3",,"1,471.0",0.0,"2,612.3",,"1,471.0",0.0,"1,141.2",,"1,471.0",0.0,-329.8,,"3,459.0",0.0,"-3,788.8"
18375,DECA GLOBAL,20/1 100% Polyester Natural RS,Natural,"2,400.0",0.0,"4,100.0","6,500.0",850.0,,0.0,"3,250.0","5,650.0",,0.0,0.0,"5,650.0",,0.0,0.0,"5,650.0",,0.0,0.0,"5,650.0",,0.0,0.0,"5,650.0",,0.0,0.0,"5,650.0",,0.0,0.0,"5,650.0",,0.0,0.0,"5,650.0",,0.0,0.0,"5,650.0",,0.0,0.0,"5,650.0"
18998,DECA GLOBAL,24/1 95/5 Polyester Black 5% RS,Black 5%,"5,824.8",0.0,"7,517.4","13,342.2","7,517.4",,0.0,0.0,"5,824.8",,0.0,0.0,"5,824.8",,0.0,0.0,"5,824.8",,0.0,0.0,"5,824.8",,0.0,0.0,"5,824.8",,0.0,0.0,"5,824.8",,0.0,0.0,"5,824.8",,0.0,0.0,"5,824.8",,0.0,0.0,"5,824.8",,0.0,0.0,"5,824.8"
10795,UNIFI,1/1950/408 100% Polyester BEIGEHEAT ,BEIGEHEAT,"9,413.4","4,150.8",0.0,"5,262.6",0.0,,"3,358.8",0.0,"6,054.6",,792.0,0.0,"5,262.6",,0.0,0.0,"5,262.6",,0.0,0.0,"5,262.6",,0.0,0.0,"5,262.6",,0.0,0.0,"5,262.6",,0.0,0.0,"5,262.6",,0.0,0.0,"5,262.6",,0.0,0.0,"5,262.6",,0.0,0.0,"5,262.6"
18376,DECA GLOBAL,30/1 100% Polyester Natural RS,Natural,832.8,"6,266.7","10,000.0","4,566.1","4,000.0",,592.0,"6,000.0","6,240.9",,"2,165.3",0.0,"4,075.6",,965.5,0.0,"3,110.0",,693.3,0.0,"2,416.8",,447.1,0.0,"1,969.7",,447.1,0.0,"1,522.6",,406.4,0.0,"1,116.2",,293.9,0.0,822.3,,256.2,0.0,566.1,,0.0,0.0,566.1
19077,SAPONA,1/150/48 100% Polyester Natural ,Natural,"6,379.8",105.7,0.0,"6,274.1",0.0,,105.7,0.0,"6,274.1",,0.0,0.0,"6,274.1",,0.0,0.0,"6,274.1",,0.0,0.0,"6,274.1",,0.0,0.0,"6,274.1",,0.0,0.0,"6,274.1",,0.0,0.0,"6,274.1",,0.0,0.0,"6,274.1",,0.0,0.0,"6,274.1",,0.0,0.0,"6,274.1"
9863,UNIFI,1/2150/464 100% Polyester BLK/DOL 7-258 ,BLK/DOL,"6,983.9","9,732.1","11,789.9","9,041.7","3,789.9",,"4,697.0","4,000.0","6,286.9",,"4,750.9","4,000.0","5,536.0",,284.2,0.0,"5,251.8",,0.0,0.0,"5,251.8",,0.0,0.0,"5,251.8",,0.0,0.0,"5,251.8",,0.0,0.0,"5,251.8",,0.0,0.0,"5,251.8",,0.0,0.0,"5,251.8",,0.0,0.0,"5,251.8"
18988,OMARA TEXTILES,1/150/36 100% Polyester Raspberry SA1912M1 ,Raspberry,"6,339.0",0.0,"2,507.0","8,846.0","2,507.0",,0.0,0.0,"6,339.0",,0.0,0.0,"6,339.0",,0.0,0.0,"6,339.0",,0.0,0.0,"6,339.0",,0.0,0.0,"6,339.0",,0.0,0.0,"6,339.0",,0.0,0.0,"6,339.0",,0.0,0.0,"6,339.0",,0.0,0.0,"6,339.0",,0.0,0.0,"6,339.0"
18614,AKRA POLYESTER GROUP/DAK,1/150/36 100% Polyester Grey Stealth ,Grey Stealth,"6,352.6",0.0,0.0,"6,352.6",0.0,,0.0,0.0,"6,352.6",,0.0,0.0,"6,352.6",,0.0,0.0,"6,352.6",,0.0,0.0,"6,352.6",,0.0,0.0,"6,352.6",,0.0,0.0,"6,352.6",,0.0,0.0,"6,352.6",,0.0,0.0,"6,352.6",,0.0,0.0,"6,352.6",,0.0,0.0,"6,352.6"
11896,UNIFI,1/750/192 100% Polyester BLK SATUR 56BXUV ,BLK SATUR,"11,502.0","7,834.1","12,000.0","15,668.0",0.0,,"3,764.1",0.0,"7,737.9",,"3,840.2",0.0,"3,897.7",,229.7,0.0,"3,668.0",,0.0,"4,000.0","7,668.0",,0.0,"4,000.0","11,668.0",,0.0,"4,000.0","15,668.0",,0.0,0.0,"15,668.0",,0.0,0.0,"15,668.0",,0.0,0.0,"15,668.0",,0.0,0.0,"15,668.0"
18845,CS AMERICA,1/75/72 100% Polyester Natural Non Metered - Sub Standard - SET ,Natural,"7,111.3","12,899.8","8,721.0","2,932.5",721.0,,972.6,"1,600.0","7,738.7",,"1,528.3","1,600.0","7,810.4",,"1,528.3","1,600.0","7,882.0",,"1,528.3","1,600.0","7,953.7",,"1,528.3","1,600.0","8,025.3",,"1,528.3",0.0,"6,497.0",,"1,528.3",0.0,"4,968.7",,"1,528.3",0.0,"3,440.3",,"1,228.8",0.0,"2,211.5",,0.0,0.0,"2,211.5"
18903,UNIFI,1/70/72 100% Polyester Natural 56T - STR - NON TS - True 70 denier ,Natural,"12,910.8","36,314.0","15,798.8","-7,604.4","-2,142.8",,"1,076.6",-58.4,"11,775.9",,"1,633.0","3,000.0","13,142.9",,"1,633.0","5,500.0","17,009.9",,"1,633.0","4,500.0","19,876.9",,"1,633.0",0.0,"18,244.0",,"4,748.8",0.0,"13,495.2",,"5,215.6",0.0,"8,279.6",,"5,215.6",0.0,"3,064.0",,"5,215.6",0.0,"-2,151.6",,"8,310.0","5,000.0","-5,461.6"
18872,PARKDALE YARN MILLS,30/1 98/2 Polyester Ash 2% 2% Black Polyester OE,Ash 2%,"12,523.0","3,837.9",0.0,"8,685.1",0.0,,651.2,0.0,"11,871.7",,"1,023.3",0.0,"10,848.4",,994.8,0.0,"9,853.6",,699.8,0.0,"9,153.8",,459.0,0.0,"8,694.8",,9.7,0.0,"8,685.1",,0.0,0.0,"8,685.1",,0.0,0.0,"8,685.1",,0.0,0.0,"8,685.1",,0.0,0.0,"8,685.1"
19046,DUNAWAY YARNS INC,24/1 96/4 Polyester Black 4% RS,Black 4%,"9,859.8","20,604.7","51,639.7","40,894.8","-52,380.3",,"3,627.2","5,820.0","12,052.6",,"5,699.8",0.0,"6,352.7",,"5,699.8",0.0,652.9,,"4,402.5","58,200.0","54,450.4",,"1,175.3",0.0,"53,275.1",,0.0,0.0,"53,275.1",,0.0,"5,000.0","58,275.1",,0.0,0.0,"58,275.1",,0.0,"5,000.0","63,275.1",,0.0,"30,000.0","93,275.1"
18646,BARNET,1/150/48 100% Polyester Natural ,Natural,"16,601.4","22,148.9","10,000.0","4,452.5","10,000.0",,"4,492.0",0.0,"12,109.4",,"5,669.5",0.0,"6,440.0",,"3,870.9",0.0,"2,569.1",,"2,704.6",0.0,-135.5,,"1,498.9",0.0,"-1,634.4",,"1,149.8",0.0,"-2,784.2",,"1,082.9",0.0,"-3,867.0",,897.8,0.0,"-4,764.9",,782.6,0.0,"-5,547.5",,0.0,0.0,"-5,547.5"
14148,MERIDIAN SPECIALTY YARN GROUP INC,1/150/36 100% Polyester Cool Grey ,Cool Grey,"12,114.1",0.5,0.0,"12,113.7",0.0,,0.5,0.0,"12,113.7",,0.0,0.0,"12,113.7",,0.0,0.0,"12,113.7",,0.0,0.0,"12,113.7",,0.0,0.0,"12,113.7",,0.0,0.0,"12,113.7",,0.0,0.0,"12,113.7",,0.0,0.0,"12,113.7",,0.0,0.0,"12,113.7",,0.0,0.0,"12,113.7"
19003,Atlas Yarns,1/75/36 100% Polyester Semi Dull NIM First Grade Dyeable ,Semi Dull,"18,945.4","60,051.9",0.0,"-41,106.5",0.0,,"6,632.0",0.0,"12,313.5",,"7,918.4",0.0,"4,395.1",,"7,313.6",0.0,"-2,918.5",,"5,468.1",0.0,"-8,386.5",,"5,281.9",0.0,"-13,668.5",,"5,281.9",0.0,"-18,950.4",,"5,281.9",0.0,"-24,232.3",,"5,281.9",0.0,"-29,514.2",,"5,281.9",0.0,"-34,796.1",,"6,310.4",0.0,"-41,106.5"
12526,UNIFI,1/300/68 100% Polyester Natural Non-Compliant STRNTS ,Natural,"12,452.9","15,487.9","26,939.7","23,904.8","2,315.7",,"4,717.9","4,624.0","12,359.1",,"5,813.2",0.0,"6,545.9",,"2,978.9","5,000.0","8,567.0",,"1,573.7","5,000.0","11,993.3",,404.2,"5,000.0","16,589.1",,0.0,"5,000.0","21,589.1",,0.0,0.0,"21,589.1",,0.0,0.0,"21,589.1",,0.0,0.0,"21,589.1",,0.0,0.0,"21,589.1"
19057,BUHLER QUALITY YARNS CORP,28/1 78/22 Modacrylic/Rayon Natural FR RS,Natural,"15,525.3","3,950.5","8,632.0","20,206.8","8,632.0",,"3,109.4",0.0,"12,415.9",,841.1,0.0,"11,574.8",,0.0,0.0,"11,574.8",,0.0,0.0,"11,574.8",,0.0,0.0,"11,574.8",,0.0,0.0,"11,574.8",,0.0,0.0,"11,574.8",,0.0,0.0,"11,574.8",,0.0,0.0,"11,574.8",,0.0,0.0,"11,574.8"
18694,PARKDALE YARN MILLS,30/1 100% Karded Cotton Natural Soft Spun OE,Natural,"14,586.6",0.4,0.0,"14,586.2",0.0,,0.4,0.0,"14,586.2",,0.0,0.0,"14,586.2",,0.0,0.0,"14,586.2",,0.0,0.0,"14,586.2",,0.0,0.0,"14,586.2",,0.0,0.0,"14,586.2",,0.0,0.0,"14,586.2",,0.0,0.0,"14,586.2",,0.0,0.0,"14,586.2",,0.0,0.0,"14,586.2"
18432,SPUNLAB,8/1 55/45 Modacrylic/Karded Cotton Natural PRTXC OE,Natural,"16,183.1",0.0,"8,121.0","24,304.1","8,121.0",,0.0,0.0,"16,183.1",,0.0,0.0,"16,183.1",,0.0,0.0,"16,183.1",,0.0,0.0,"16,183.1",,0.0,0.0,"16,183.1",,0.0,0.0,"16,183.1",,0.0,0.0,"16,183.1",,0.0,0.0,"16,183.1",,0.0,0.0,"16,183.1",,0.0,0.0,"16,183.1"
19059,PARKDALE YARN MILLS,14/1 100% Rayon Natural Daiwabo FR OE,Natural,"18,006.4",0.0,"2,371.0","20,377.4","2,371.0",,0.0,0.0,"18,006.4",,0.0,0.0,"18,006.4",,0.0,0.0,"18,006.4",,0.0,0.0,"18,006.4",,0.0,0.0,"18,006.4",,0.0,0.0,"18,006.4",,0.0,0.0,"18,006.4",,0.0,0.0,"18,006.4",,0.0,0.0,"18,006.4",,0.0,0.0,"18,006.4"
18612,PARKDALE YARN MILLS,18/1 100% Combed Cotton Natural RS,Natural,"18,752.2",0.0,0.0,"18,752.2",0.0,,0.0,0.0,"18,752.2",,0.0,0.0,"18,752.2",,0.0,0.0,"18,752.2",,0.0,0.0,"18,752.2",,0.0,0.0,"18,752.2",,0.0,0.0,"18,752.2",,0.0,0.0,"18,752.2",,0.0,0.0,"18,752.2",,0.0,0.0,"18,752.2",,0.0,0.0,"18,752.2"
18763,MUTU GADING TEKSTIL,2/300/68 100% Polyester Semi Dull LIM (Low Intermingle) SH (Single Heater) ,Semi Dull,"27,335.1","39,712.5","1,817.0","-10,560.5","-8,183.0",,"11,636.9","5,000.0","20,698.2",,"11,428.0","5,000.0","14,270.2",,"9,152.0",0.0,"5,118.1",,"6,298.7",0.0,"-1,180.6",,"1,196.9",0.0,"-2,377.5",,0.0,0.0,"-2,377.5",,0.0,0.0,"-2,377.5",,0.0,0.0,"-2,377.5",,0.0,0.0,"-2,377.5",,0.0,0.0,"-2,377.5"
18659,SPUNLAB,40/1 50/37/13 Polyester/Modal Rayon/Karded Cotton Natural repreve poly - modal rayon - karded cotton 1088 RS,Natural,"21,012.7",77.2,"8,174.0","29,109.5","8,174.0",,77.2,0.0,"20,935.5",,0.0,0.0,"20,935.5",,0.0,0.0,"20,935.5",,0.0,0.0,"20,935.5",,0.0,0.0,"20,935.5",,0.0,0.0,"20,935.5",,0.0,0.0,"20,935.5",,0.0,0.0,"20,935.5",,0.0,0.0,"20,935.5",,0.0,0.0,"20,935.5"
18438,"BIELTEX, S.L.",20/1 100% Polyester Semi Dull ,Semi Dull,"26,487.7","7,825.2",0.0,"18,662.5",0.0,,"3,344.3",0.0,"23,143.4",,"1,991.7",0.0,"21,151.7",,"1,187.2",0.0,"19,964.5",,"1,187.2",0.0,"18,777.3",,114.8,0.0,"18,662.5",,0.0,0.0,"18,662.5",,0.0,0.0,"18,662.5",,0.0,0.0,"18,662.5",,0.0,0.0,"18,662.5",,0.0,0.0,"18,662.5"
18334,"BIELTEX, S.L.",60/1 100% Combed Cotton Natural RS,Natural,"36,757.0",0.1,0.0,"36,756.9",0.0,,0.1,0.0,"36,756.9",,0.0,0.0,"36,756.9",,0.0,0.0,"36,756.9",,0.0,0.0,"36,756.9",,0.0,0.0,"36,756.9",,0.0,0.0,"36,756.9",,0.0,0.0,"36,756.9",,0.0,0.0,"36,756.9",,0.0,0.0,"36,756.9",,0.0,0.0,"36,756.9"
18426,DECA GLOBAL,24/1 100% Bamboo Natural ,Natural,"46,238.0","2,550.2",0.0,"43,687.7",0.0,,"2,550.2",0.0,"43,687.7",,0.0,0.0,"43,687.7",,0.0,0.0,"43,687.7",,0.0,0.0,"43,687.7",,0.0,0.0,"43,687.7",,0.0,0.0,"43,687.7",,0.0,0.0,"43,687.7",,0.0,0.0,"43,687.7",,0.0,0.0,"43,687.7",,0.0,0.0,"43,687.7"
11999,UNIFI,1/150/34 100% Polyester CAFEAULAT 9430L ,CAFEAULAT,"50,139.7",316.0,0.0,"49,823.7",0.0,,316.0,0.0,"49,823.7",,0.0,0.0,"49,823.7",,0.0,0.0,"49,823.7",,0.0,0.0,"49,823.7",,0.0,0.0,"49,823.7",,0.0,0.0,"49,823.7",,0.0,0.0,"49,823.7",,0.0,0.0,"49,823.7",,0.0,0.0,"49,823.7",,0.0,0.0,"49,823.7"
