Style#,fStyle#,Yarn_ID,Desc#,Usage_LBS,Component,Percentage
STY0001,FSTY0001,YRN1580,YRN1580,7.07,Component-1,98.3
STY0001,FSTY0001,YRN1986,YRN1986,0.71,Component-4,12.3
STY0001,FSTY0001,YRN1116,YRN1116,11.08,Component-5,47.6
STY0001,FSTY0001,YRN1198,YRN1198,13.26,Component-3,86.0
STY0001,FSTY0001,YRN2003,YRN2003,10.94,Component-3,75.9
STY0001,FSTY0001,YRN1157,YRN1157,1.86,Component-4,72.6
STY0001,FSTY0001,YRN1077,YRN1077,9.53,Component-2,41.0
STY0002,FSTY0002,YRN1422,YRN1422,11.34,Component-3,95.6
STY0002,FSTY0002,YRN2031,YRN2031,11.39,Component-1,80.8
STY0002,FSTY0002,YRN1767,YRN1767,9.53,Component-3,43.2
STY0002,FSTY0002,YRN1342,YRN1342,1.37,Component-3,45.5
STY0002,FSTY0002,YRN1093,YRN1093,6.66,Component-3,11.1
STY0002,FSTY0002,YRN2138,YRN2138,2.38,Component-2,20.1
STY0002,FSTY0002,YRN1766,YRN1766,8.71,Component-4,76.2
STY0002,FSTY0002,YRN1113,YRN1113,7.11,Component-4,47.8
STY0003,FSTY0003,YRN1889,YRN1889,10.86,Component-4,24.8
STY0003,FSTY0003,YRN1434,YRN1434,10.81,Component-2,24.8
STY0003,FSTY0003,YRN2010,YRN2010,13.36,Component-5,50.1
STY0003,FSTY0003,YRN2158,YRN2158,10.02,Component-5,64.5
STY0003,FSTY0003,YRN1487,YRN1487,1.47,Component-1,31.8
STY0003,FSTY0003,YRN1817,YRN1817,4.29,Component-3,19.7
STY0004,FSTY0004,YRN1220,YRN1220,13.65,Component-3,77.6
STY0004,FSTY0004,YRN1325,YRN1325,3.2,Component-3,65.0
STY0004,FSTY0004,YRN1839,YRN1839,4.21,Component-2,81.4
STY0004,FSTY0004,YRN1463,YRN1463,3.81,Component-5,48.9
STY0005,FSTY0005,YRN1598,YRN1598,10.56,Component-1,51.3
STY0005,FSTY0005,YRN1643,YRN1643,2.93,Component-5,31.4
STY0005,FSTY0005,YRN1004,YRN1004,3.65,Component-3,53.2
STY0006,FSTY0006,YRN1074,YRN1074,7.89,Component-5,94.8
STY0006,FSTY0006,YRN1455,YRN1455,4.03,Component-5,53.5
STY0006,FSTY0006,YRN1674,YRN1674,12.36,Component-5,26.5
STY0006,FSTY0006,YRN2011,YRN2011,13.82,Component-1,86.4
STY0006,FSTY0006,YRN1239,YRN1239,0.99,Component-5,85.7
STY0007,FSTY0007,YRN1167,YRN1167,9.73,Component-3,48.6
STY0007,FSTY0007,YRN1631,YRN1631,4.0,Component-1,67.2
STY0008,FSTY0008,YRN1930,YRN1930,6.84,Component-3,56.5
STY0008,FSTY0008,YRN1547,YRN1547,4.19,Component-4,27.7
STY0008,FSTY0008,YRN1863,YRN1863,14.52,Component-3,64.9
STY0009,FSTY0009,YRN1364,YRN1364,1.42,Component-4,95.8
STY0009,FSTY0009,YRN1429,YRN1429,6.77,Component-5,91.7
STY0009,FSTY0009,YRN1328,YRN1328,9.82,Component-1,10.8
STY0009,FSTY0009,YRN1573,YRN1573,4.59,Component-2,93.0
STY0010,FSTY0010,YRN1942,YRN1942,12.15,Component-4,82.3
STY0010,FSTY0010,YRN2002,YRN2002,8.26,Component-5,72.5
STY0010,FSTY0010,YRN1475,YRN1475,2.52,Component-5,18.6
STY0010,FSTY0010,YRN1547,YRN1547,2.96,Component-2,69.1
STY0010,FSTY0010,YRN1304,YRN1304,8.78,Component-3,92.1
STY0011,FSTY0011,YRN1776,YRN1776,9.41,Component-3,10.5
STY0011,FSTY0011,YRN1891,YRN1891,14.93,Component-3,23.5
STY0011,FSTY0011,YRN1389,YRN1389,10.79,Component-1,74.7
STY0011,FSTY0011,YRN2113,YRN2113,10.08,Component-1,96.2
STY0011,FSTY0011,YRN1079,YRN1079,3.29,Component-5,42.5
STY0011,FSTY0011,YRN1830,YRN1830,4.23,Component-5,23.4
STY0011,FSTY0011,YRN2052,YRN2052,11.16,Component-3,93.0
STY0011,FSTY0011,YRN2171,YRN2171,10.91,Component-1,93.3
STY0012,FSTY0012,YRN2030,YRN2030,0.54,Component-4,58.6
STY0012,FSTY0012,YRN1790,YRN1790,12.81,Component-2,84.5
STY0012,FSTY0012,YRN1605,YRN1605,1.96,Component-4,61.3
STY0012,FSTY0012,YRN2049,YRN2049,13.19,Component-2,24.8
STY0012,FSTY0012,YRN1654,YRN1654,0.83,Component-3,63.3
STY0013,FSTY0013,YRN2080,YRN2080,3.45,Component-1,19.9
STY0013,FSTY0013,YRN2197,YRN2197,7.58,Component-5,87.9
STY0014,FSTY0014,YRN1148,YRN1148,9.47,Component-1,47.9
STY0014,FSTY0014,YRN1980,YRN1980,1.67,Component-3,14.7
STY0014,FSTY0014,YRN1387,YRN1387,10.4,Component-3,26.2
STY0014,FSTY0014,YRN1338,YRN1338,11.13,Component-1,60.3
STY0014,FSTY0014,YRN1614,YRN1614,2.4,Component-2,71.9
STY0014,FSTY0014,YRN2109,YRN2109,1.11,Component-2,51.6
STY0015,FSTY0015,YRN1530,YRN1530,14.98,Component-2,45.4
STY0015,FSTY0015,YRN1308,YRN1308,6.0,Component-2,19.9
STY0015,FSTY0015,YRN1172,YRN1172,10.31,Component-4,11.4
STY0015,FSTY0015,YRN1604,YRN1604,2.77,Component-2,91.6
STY0015,FSTY0015,YRN1169,YRN1169,9.58,Component-5,44.9
STY0016,FSTY0016,YRN2168,YRN2168,4.35,Component-3,47.1
STY0016,FSTY0016,YRN1660,YRN1660,12.2,Component-5,39.5
STY0016,FSTY0016,YRN1785,YRN1785,13.73,Component-2,59.1
STY0016,FSTY0016,YRN2146,YRN2146,13.82,Component-5,35.9
STY0017,FSTY0017,YRN1534,YRN1534,7.36,Component-1,66.1
STY0017,FSTY0017,YRN1668,YRN1668,7.45,Component-1,85.9
STY0017,FSTY0017,YRN1174,YRN1174,10.8,Component-2,92.9
STY0017,FSTY0017,YRN1886,YRN1886,3.62,Component-5,62.0
STY0017,FSTY0017,YRN1196,YRN1196,11.87,Component-3,24.9
STY0017,FSTY0017,YRN1950,YRN1950,13.2,Component-3,75.1
STY0017,FSTY0017,YRN1421,YRN1421,1.46,Component-4,22.5
STY0018,FSTY0018,YRN1689,YRN1689,9.8,Component-5,63.1
STY0018,FSTY0018,YRN1134,YRN1134,9.07,Component-5,29.9
STY0018,FSTY0018,YRN2022,YRN2022,1.07,Component-1,75.0
STY0019,FSTY0019,YRN1340,YRN1340,4.27,Component-1,46.3
STY0019,FSTY0019,YRN1182,YRN1182,12.83,Component-5,82.5
STY0019,FSTY0019,YRN1063,YRN1063,4.02,Component-3,64.9
STY0019,FSTY0019,YRN1949,YRN1949,7.6,Component-1,46.6
STY0019,FSTY0019,YRN1883,YRN1883,2.18,Component-3,79.6
STY0019,FSTY0019,YRN1540,YRN1540,5.46,Component-2,41.7
STY0019,FSTY0019,YRN1709,YRN1709,13.77,Component-5,33.6
STY0020,FSTY0020,YRN1197,YRN1197,14.95,Component-1,18.9
STY0020,FSTY0020,YRN1055,YRN1055,3.41,Component-5,72.0
STY0020,FSTY0020,YRN1707,YRN1707,2.66,Component-5,49.2
STY0020,FSTY0020,YRN1821,YRN1821,3.38,Component-1,90.0
STY0020,FSTY0020,YRN1014,YRN1014,7.54,Component-4,69.4
STY0020,FSTY0020,YRN1575,YRN1575,6.79,Component-4,26.9
STY0020,FSTY0020,YRN1906,YRN1906,2.17,Component-5,78.1
STY0021,FSTY0021,YRN2076,YRN2076,6.05,Component-3,11.2
STY0021,FSTY0021,YRN1835,YRN1835,11.45,Component-2,80.8
STY0021,FSTY0021,YRN2067,YRN2067,14.58,Component-3,14.9
STY0021,FSTY0021,YRN1187,YRN1187,1.61,Component-3,69.3
STY0022,FSTY0022,YRN1025,YRN1025,12.48,Component-1,88.1
STY0022,FSTY0022,YRN1098,YRN1098,12.49,Component-4,24.5
STY0022,FSTY0022,YRN2088,YRN2088,0.68,Component-4,51.7
STY0023,FSTY0023,YRN1869,YRN1869,13.38,Component-1,70.6
STY0023,FSTY0023,YRN1546,YRN1546,4.73,Component-2,54.0
STY0024,FSTY0024,YRN2160,YRN2160,14.45,Component-4,14.0
STY0024,FSTY0024,YRN1397,YRN1397,4.33,Component-1,79.7
STY0024,FSTY0024,YRN1051,YRN1051,5.79,Component-1,86.2
STY0024,FSTY0024,YRN2119,YRN2119,4.61,Component-1,33.9
STY0024,FSTY0024,YRN1489,YRN1489,1.41,Component-5,25.8
STY0024,FSTY0024,YRN1875,YRN1875,2.07,Component-5,16.6
STY0025,FSTY0025,YRN1110,YRN1110,12.64,Component-2,33.5
STY0025,FSTY0025,YRN1959,YRN1959,8.48,Component-5,63.5
STY0025,FSTY0025,YRN1263,YRN1263,10.54,Component-1,52.4
STY0025,FSTY0025,YRN1428,YRN1428,12.52,Component-5,40.8
STY0025,FSTY0025,YRN1010,YRN1010,4.06,Component-1,22.8
STY0025,FSTY0025,YRN1890,YRN1890,13.85,Component-5,75.7
STY0025,FSTY0025,YRN1228,YRN1228,3.92,Component-4,44.1
STY0026,FSTY0026,YRN1303,YRN1303,8.61,Component-5,50.8
STY0026,FSTY0026,YRN1184,YRN1184,13.19,Component-4,23.3
STY0026,FSTY0026,YRN1750,YRN1750,4.06,Component-1,92.9
STY0026,FSTY0026,YRN1777,YRN1777,11.08,Component-5,83.4
STY0026,FSTY0026,YRN1978,YRN1978,7.32,Component-3,89.0
STY0026,FSTY0026,YRN1749,YRN1749,5.73,Component-1,27.6
STY0026,FSTY0026,YRN1299,YRN1299,3.23,Component-2,83.7
STY0026,FSTY0026,YRN1787,YRN1787,4.72,Component-1,79.2
STY0027,FSTY0027,YRN1002,YRN1002,2.34,Component-5,93.4
STY0027,FSTY0027,YRN1866,YRN1866,11.92,Component-2,78.1
STY0027,FSTY0027,YRN1938,YRN1938,11.66,Component-5,65.5
STY0027,FSTY0027,YRN1606,YRN1606,11.73,Component-2,70.7
STY0027,FSTY0027,YRN2141,YRN2141,9.19,Component-5,11.2
STY0027,FSTY0027,YRN1837,YRN1837,13.85,Component-3,84.1
STY0027,FSTY0027,YRN1364,YRN1364,10.86,Component-3,25.9
STY0027,FSTY0027,YRN1421,YRN1421,0.65,Component-4,96.2
STY0028,FSTY0028,YRN2140,YRN2140,2.2,Component-3,90.2
STY0028,FSTY0028,YRN1314,YRN1314,8.48,Component-1,55.4
STY0028,FSTY0028,YRN2106,YRN2106,14.53,Component-3,49.3
STY0028,FSTY0028,YRN1972,YRN1972,7.14,Component-1,16.6
STY0029,FSTY0029,YRN2030,YRN2030,4.92,Component-1,69.5
STY0029,FSTY0029,YRN1257,YRN1257,5.51,Component-4,57.5
STY0029,FSTY0029,YRN1215,YRN1215,12.21,Component-4,15.8
STY0030,FSTY0030,YRN2150,YRN2150,7.07,Component-3,59.0
STY0030,FSTY0030,YRN2097,YRN2097,0.98,Component-3,10.5
STY0031,FSTY0031,YRN1963,YRN1963,14.58,Component-4,87.3
STY0031,FSTY0031,YRN1860,YRN1860,5.15,Component-3,54.6
STY0032,FSTY0032,YRN1994,YRN1994,13.54,Component-1,24.0
STY0032,FSTY0032,YRN1100,YRN1100,12.89,Component-4,66.6
STY0032,FSTY0032,YRN1025,YRN1025,5.64,Component-1,89.2
STY0032,FSTY0032,YRN1555,YRN1555,12.64,Component-5,31.9
STY0032,FSTY0032,YRN2171,YRN2171,14.7,Component-4,39.1
STY0032,FSTY0032,YRN1253,YRN1253,3.57,Component-2,79.1
STY0033,FSTY0033,YRN1849,YRN1849,2.22,Component-3,97.2
STY0033,FSTY0033,YRN1321,YRN1321,6.18,Component-1,88.0
STY0033,FSTY0033,YRN1237,YRN1237,10.79,Component-1,48.3
STY0033,FSTY0033,YRN1861,YRN1861,8.04,Component-5,70.1
STY0033,FSTY0033,YRN1545,YRN1545,7.45,Component-4,78.6
STY0034,FSTY0034,YRN1486,YRN1486,6.43,Component-2,92.1
STY0034,FSTY0034,YRN1372,YRN1372,14.95,Component-5,14.8
STY0034,FSTY0034,YRN2156,YRN2156,5.16,Component-4,91.1
STY0034,FSTY0034,YRN1084,YRN1084,8.8,Component-4,82.5
STY0034,FSTY0034,YRN1481,YRN1481,2.56,Component-1,47.8
STY0034,FSTY0034,YRN1253,YRN1253,7.26,Component-2,81.4
STY0034,FSTY0034,YRN1977,YRN1977,10.19,Component-4,90.7
STY0034,FSTY0034,YRN1588,YRN1588,10.04,Component-3,95.6
STY0035,FSTY0035,YRN1686,YRN1686,4.15,Component-2,32.0
STY0035,FSTY0035,YRN1173,YRN1173,7.15,Component-1,59.9
STY0035,FSTY0035,YRN1061,YRN1061,14.91,Component-5,66.0
STY0035,FSTY0035,YRN1018,YRN1018,13.0,Component-4,17.9
STY0036,FSTY0036,YRN1644,YRN1644,3.32,Component-3,95.6
STY0036,FSTY0036,YRN1162,YRN1162,2.66,Component-4,85.1
STY0036,FSTY0036,YRN1551,YRN1551,9.26,Component-1,20.0
STY0036,FSTY0036,YRN1176,YRN1176,10.53,Component-1,33.2
STY0036,FSTY0036,YRN1914,YRN1914,14.08,Component-2,45.9
STY0037,FSTY0037,YRN1290,YRN1290,5.81,Component-1,58.4
STY0037,FSTY0037,YRN1569,YRN1569,14.44,Component-1,63.6
STY0038,FSTY0038,YRN1286,YRN1286,8.56,Component-5,88.6
STY0038,FSTY0038,YRN1810,YRN1810,10.46,Component-1,43.6
STY0038,FSTY0038,YRN1164,YRN1164,4.39,Component-1,26.1
STY0038,FSTY0038,YRN1092,YRN1092,13.56,Component-1,31.4
STY0038,FSTY0038,YRN2191,YRN2191,13.0,Component-1,33.4
STY0039,FSTY0039,YRN1248,YRN1248,11.26,Component-2,43.6
STY0039,FSTY0039,YRN1592,YRN1592,8.86,Component-1,25.2
STY0039,FSTY0039,YRN1962,YRN1962,10.41,Component-1,14.4
STY0039,FSTY0039,YRN1749,YRN1749,10.71,Component-5,47.9
STY0039,FSTY0039,YRN1237,YRN1237,6.39,Component-1,81.9
STY0040,FSTY0040,YRN1767,YRN1767,12.27,Component-5,54.0
STY0040,FSTY0040,YRN2053,YRN2053,9.97,Component-4,18.4
STY0040,FSTY0040,YRN1481,YRN1481,9.75,Component-5,80.8
STY0040,FSTY0040,YRN1591,YRN1591,4.59,Component-3,26.2
STY0040,FSTY0040,YRN1141,YRN1141,1.66,Component-1,38.0
STY0040,FSTY0040,YRN1137,YRN1137,12.9,Component-5,77.5
STY0040,FSTY0040,YRN1561,YRN1561,9.83,Component-4,72.2
STY0040,FSTY0040,YRN2022,YRN2022,8.64,Component-3,57.0
STY0041,FSTY0041,YRN1678,YRN1678,3.45,Component-5,45.2
STY0041,FSTY0041,YRN2177,YRN2177,3.82,Component-2,76.6
STY0042,FSTY0042,YRN1325,YRN1325,8.17,Component-3,18.4
STY0042,FSTY0042,YRN1952,YRN1952,5.12,Component-5,48.0
STY0042,FSTY0042,YRN1401,YRN1401,12.71,Component-2,38.9
STY0043,FSTY0043,YRN1511,YRN1511,10.46,Component-4,89.4
STY0043,FSTY0043,YRN1208,YRN1208,11.03,Component-2,67.2
STY0043,FSTY0043,YRN1712,YRN1712,5.72,Component-1,54.6
STY0043,FSTY0043,YRN1491,YRN1491,3.63,Component-4,59.8
STY0044,FSTY0044,YRN2107,YRN2107,1.98,Component-2,81.5
STY0044,FSTY0044,YRN2099,YRN2099,3.12,Component-1,49.4
STY0044,FSTY0044,YRN1244,YRN1244,14.33,Component-3,74.8
STY0044,FSTY0044,YRN1601,YRN1601,11.35,Component-5,59.5
STY0044,FSTY0044,YRN1678,YRN1678,0.84,Component-4,10.4
STY0044,FSTY0044,YRN1309,YRN1309,8.25,Component-2,79.1
STY0044,FSTY0044,YRN1368,YRN1368,14.99,Component-4,87.9
STY0045,FSTY0045,YRN1509,YRN1509,14.79,Component-3,14.7
STY0045,FSTY0045,YRN1052,YRN1052,3.71,Component-2,33.5
STY0045,FSTY0045,YRN1917,YRN1917,12.53,Component-3,22.1
STY0046,FSTY0046,YRN1492,YRN1492,7.77,Component-5,78.7
STY0046,FSTY0046,YRN1537,YRN1537,2.16,Component-5,61.7
STY0046,FSTY0046,YRN1218,YRN1218,8.37,Component-1,72.0
STY0046,FSTY0046,YRN1270,YRN1270,14.76,Component-4,28.4
STY0047,FSTY0047,YRN2157,YRN2157,4.59,Component-3,46.1
STY0047,FSTY0047,YRN1199,YRN1199,14.06,Component-4,62.9
STY0047,FSTY0047,YRN1548,YRN1548,9.99,Component-3,62.9
STY0047,FSTY0047,YRN2010,YRN2010,4.24,Component-4,70.6
STY0047,FSTY0047,YRN2014,YRN2014,14.2,Component-1,84.5
STY0047,FSTY0047,YRN2037,YRN2037,8.78,Component-3,34.0
STY0047,FSTY0047,YRN2054,YRN2054,9.21,Component-2,70.8
STY0048,FSTY0048,YRN1528,YRN1528,0.8,Component-3,63.5
STY0048,FSTY0048,YRN2192,YRN2192,14.97,Component-4,20.4
STY0048,FSTY0048,YRN1608,YRN1608,3.04,Component-1,19.2
STY0048,FSTY0048,YRN1136,YRN1136,2.5,Component-1,69.5
STY0049,FSTY0049,YRN2094,YRN2094,9.06,Component-5,87.1
STY0049,FSTY0049,YRN1381,YRN1381,14.26,Component-5,91.8
STY0049,FSTY0049,YRN1035,YRN1035,7.01,Component-4,73.6
STY0049,FSTY0049,YRN1765,YRN1765,14.39,Component-2,24.6
STY0049,FSTY0049,YRN1927,YRN1927,3.25,Component-5,47.6
STY0049,FSTY0049,YRN1208,YRN1208,9.88,Component-1,87.1
STY0050,FSTY0050,YRN1473,YRN1473,10.1,Component-5,85.3
STY0050,FSTY0050,YRN1577,YRN1577,8.06,Component-1,63.7
STY0050,FSTY0050,YRN2101,YRN2101,9.16,Component-5,68.8
STY0050,FSTY0050,YRN2041,YRN2041,0.9,Component-3,19.0
STY0050,FSTY0050,YRN1248,YRN1248,4.65,Component-3,63.3
STY0051,FSTY0051,YRN1383,YRN1383,14.39,Component-1,21.9
STY0051,FSTY0051,YRN1373,YRN1373,3.47,Component-5,32.5
STY0051,FSTY0051,YRN2133,YRN2133,13.46,Component-3,73.1
STY0052,FSTY0052,YRN1212,YRN1212,2.8,Component-4,18.3
STY0052,FSTY0052,YRN2090,YRN2090,7.28,Component-2,96.1
STY0052,FSTY0052,YRN1400,YRN1400,2.01,Component-4,41.7
STY0053,FSTY0053,YRN1838,YRN1838,5.74,Component-3,71.9
STY0053,FSTY0053,YRN1429,YRN1429,8.9,Component-1,28.9
STY0053,FSTY0053,YRN1903,YRN1903,7.86,Component-1,58.6
STY0053,FSTY0053,YRN1123,YRN1123,2.21,Component-2,13.9
STY0053,FSTY0053,YRN1625,YRN1625,1.41,Component-1,99.4
STY0053,FSTY0053,YRN1134,YRN1134,5.14,Component-2,19.6
STY0053,FSTY0053,YRN1877,YRN1877,12.79,Component-5,10.4
STY0053,FSTY0053,YRN1281,YRN1281,3.87,Component-5,13.4
STY0054,FSTY0054,YRN2047,YRN2047,0.69,Component-1,92.6
STY0054,FSTY0054,YRN1159,YRN1159,13.58,Component-5,10.5
STY0054,FSTY0054,YRN1252,YRN1252,5.27,Component-2,59.1
STY0054,FSTY0054,YRN1870,YRN1870,6.78,Component-3,47.2
STY0055,FSTY0055,YRN1156,YRN1156,6.99,Component-1,88.8
STY0055,FSTY0055,YRN1264,YRN1264,1.84,Component-1,58.1
STY0055,FSTY0055,YRN1224,YRN1224,1.37,Component-5,10.3
STY0055,FSTY0055,YRN1231,YRN1231,3.19,Component-3,15.4
STY0055,FSTY0055,YRN2183,YRN2183,6.75,Component-2,52.9
STY0055,FSTY0055,YRN1305,YRN1305,10.32,Component-3,31.3
STY0055,FSTY0055,YRN1169,YRN1169,4.58,Component-1,13.7
STY0055,FSTY0055,YRN1476,YRN1476,6.12,Component-4,25.2
STY0056,FSTY0056,YRN1906,YRN1906,8.56,Component-4,40.2
STY0056,FSTY0056,YRN1900,YRN1900,4.82,Component-1,68.9
STY0057,FSTY0057,YRN1341,YRN1341,4.61,Component-5,24.1
STY0057,FSTY0057,YRN1556,YRN1556,14.3,Component-5,78.5
STY0057,FSTY0057,YRN2152,YRN2152,12.25,Component-1,31.5
STY0057,FSTY0057,YRN1320,YRN1320,14.8,Component-4,22.5
STY0057,FSTY0057,YRN1089,YRN1089,9.35,Component-2,69.6
STY0057,FSTY0057,YRN1812,YRN1812,14.74,Component-1,33.6
STY0057,FSTY0057,YRN1843,YRN1843,2.78,Component-2,87.5
STY0058,FSTY0058,YRN1221,YRN1221,11.21,Component-1,31.3
STY0058,FSTY0058,YRN1952,YRN1952,2.15,Component-1,60.9
STY0058,FSTY0058,YRN1748,YRN1748,1.11,Component-5,72.0
STY0058,FSTY0058,YRN1896,YRN1896,11.38,Component-1,73.5
STY0058,FSTY0058,YRN1691,YRN1691,2.96,Component-5,98.0
STY0058,FSTY0058,YRN2185,YRN2185,7.65,Component-2,69.9
STY0059,FSTY0059,YRN1137,YRN1137,13.49,Component-3,82.0
STY0059,FSTY0059,YRN2196,YRN2196,9.11,Component-5,57.5
STY0059,FSTY0059,YRN1434,YRN1434,0.57,Component-2,19.0
STY0059,FSTY0059,YRN1818,YRN1818,14.34,Component-4,66.0
STY0059,FSTY0059,YRN1502,YRN1502,10.94,Component-1,98.3
STY0059,FSTY0059,YRN1374,YRN1374,7.67,Component-3,87.8
STY0060,FSTY0060,YRN1374,YRN1374,14.19,Component-4,88.1
STY0060,FSTY0060,YRN1421,YRN1421,12.07,Component-2,28.8
STY0060,FSTY0060,YRN1252,YRN1252,12.81,Component-4,81.9
STY0061,FSTY0061,YRN1481,YRN1481,2.61,Component-5,33.5
STY0061,FSTY0061,YRN1932,YRN1932,14.83,Component-3,42.8
STY0061,FSTY0061,YRN2031,YRN2031,9.01,Component-2,48.4
STY0062,FSTY0062,YRN1010,YRN1010,9.46,Component-5,86.4
STY0062,FSTY0062,YRN1473,YRN1473,10.14,Component-4,60.1
STY0062,FSTY0062,YRN1981,YRN1981,4.22,Component-1,59.4
STY0063,FSTY0063,YRN1831,YRN1831,10.25,Component-1,69.0
STY0063,FSTY0063,YRN1474,YRN1474,6.34,Component-2,80.5
STY0063,FSTY0063,YRN2059,YRN2059,0.55,Component-3,73.5
STY0063,FSTY0063,YRN2121,YRN2121,11.85,Component-4,42.9
STY0063,FSTY0063,YRN1233,YRN1233,6.01,Component-3,33.0
STY0063,FSTY0063,YRN1539,YRN1539,5.45,Component-2,89.9
STY0063,FSTY0063,YRN2000,YRN2000,14.09,Component-1,41.0
STY0063,FSTY0063,YRN1568,YRN1568,2.9,Component-3,40.3
STY0064,FSTY0064,YRN1199,YRN1199,14.63,Component-1,34.9
STY0064,FSTY0064,YRN1802,YRN1802,11.89,Component-3,64.0
STY0064,FSTY0064,YRN1754,YRN1754,3.8,Component-4,87.7
STY0064,FSTY0064,YRN1539,YRN1539,9.25,Component-3,95.6
STY0064,FSTY0064,YRN1660,YRN1660,8.07,Component-3,48.9
STY0064,FSTY0064,YRN1008,YRN1008,12.97,Component-1,76.7
STY0064,FSTY0064,YRN1769,YRN1769,14.06,Component-3,80.0
STY0065,FSTY0065,YRN1166,YRN1166,11.62,Component-3,12.6
STY0065,FSTY0065,YRN1605,YRN1605,2.25,Component-5,23.6
STY0065,FSTY0065,YRN2007,YRN2007,11.68,Component-1,44.8
STY0065,FSTY0065,YRN1438,YRN1438,5.76,Component-3,57.2
STY0065,FSTY0065,YRN1897,YRN1897,14.28,Component-3,36.6
STY0066,FSTY0066,YRN1771,YRN1771,2.44,Component-3,50.1
STY0066,FSTY0066,YRN1720,YRN1720,14.08,Component-2,45.1
STY0066,FSTY0066,YRN1761,YRN1761,6.22,Component-4,11.6
STY0066,FSTY0066,YRN2157,YRN2157,12.19,Component-3,30.5
STY0066,FSTY0066,YRN2045,YRN2045,14.97,Component-3,53.3
STY0066,FSTY0066,YRN1257,YRN1257,5.08,Component-5,29.2
STY0066,FSTY0066,YRN1637,YRN1637,2.97,Component-3,18.6
STY0066,FSTY0066,YRN1194,YRN1194,5.73,Component-2,19.8
STY0067,FSTY0067,YRN1844,YRN1844,7.31,Component-5,11.6
STY0067,FSTY0067,YRN1958,YRN1958,2.02,Component-5,76.6
STY0067,FSTY0067,YRN1569,YRN1569,5.58,Component-1,31.8
STY0067,FSTY0067,YRN1076,YRN1076,8.92,Component-3,21.0
STY0067,FSTY0067,YRN1806,YRN1806,7.81,Component-1,16.5
STY0067,FSTY0067,YRN1837,YRN1837,14.39,Component-3,71.4
STY0067,FSTY0067,YRN1097,YRN1097,4.22,Component-1,28.4
STY0067,FSTY0067,YRN1475,YRN1475,11.24,Component-5,68.5
STY0068,FSTY0068,YRN1209,YRN1209,1.14,Component-5,70.0
STY0068,FSTY0068,YRN1415,YRN1415,7.36,Component-3,55.8
STY0068,FSTY0068,YRN1944,YRN1944,11.37,Component-1,74.0
STY0068,FSTY0068,YRN2127,YRN2127,12.33,Component-4,56.7
STY0068,FSTY0068,YRN1608,YRN1608,14.83,Component-5,40.9
STY0068,FSTY0068,YRN1801,YRN1801,4.36,Component-5,23.6
STY0068,FSTY0068,YRN1212,YRN1212,0.5,Component-3,74.2
STY0069,FSTY0069,YRN1916,YRN1916,6.43,Component-5,55.5
STY0069,FSTY0069,YRN2083,YRN2083,3.06,Component-5,85.5
STY0069,FSTY0069,YRN1237,YRN1237,10.54,Component-3,68.4
STY0070,FSTY0070,YRN2064,YRN2064,7.45,Component-5,11.4
STY0070,FSTY0070,YRN1893,YRN1893,5.19,Component-1,66.2
STY0070,FSTY0070,YRN1390,YRN1390,7.3,Component-3,71.1
STY0070,FSTY0070,YRN1727,YRN1727,8.81,Component-5,53.3
STY0070,FSTY0070,YRN1526,YRN1526,9.98,Component-4,96.2
STY0071,FSTY0071,YRN1971,YRN1971,5.25,Component-4,62.9
STY0071,FSTY0071,YRN2067,YRN2067,6.25,Component-2,39.0
STY0071,FSTY0071,YRN1813,YRN1813,12.42,Component-4,79.3
STY0071,FSTY0071,YRN1648,YRN1648,14.61,Component-5,44.7
STY0072,FSTY0072,YRN1267,YRN1267,9.87,Component-1,25.2
STY0072,FSTY0072,YRN1692,YRN1692,12.43,Component-1,58.7
STY0072,FSTY0072,YRN1383,YRN1383,0.8,Component-4,51.5
STY0072,FSTY0072,YRN1593,YRN1593,6.02,Component-3,39.1
STY0072,FSTY0072,YRN2095,YRN2095,12.98,Component-2,67.6
STY0072,FSTY0072,YRN1499,YRN1499,13.6,Component-5,15.4
STY0072,FSTY0072,YRN1844,YRN1844,6.37,Component-5,77.0
STY0073,FSTY0073,YRN1400,YRN1400,3.25,Component-2,58.5
STY0073,FSTY0073,YRN2014,YRN2014,13.57,Component-5,87.8
STY0073,FSTY0073,YRN1298,YRN1298,6.96,Component-2,70.0
STY0073,FSTY0073,YRN1604,YRN1604,0.86,Component-3,12.5
STY0074,FSTY0074,YRN1468,YRN1468,8.66,Component-5,22.5
STY0074,FSTY0074,YRN1450,YRN1450,1.52,Component-1,82.5
STY0074,FSTY0074,YRN1682,YRN1682,14.62,Component-1,26.2
STY0074,FSTY0074,YRN1736,YRN1736,11.4,Component-1,25.3
STY0074,FSTY0074,YRN1346,YRN1346,14.1,Component-4,92.5
STY0074,FSTY0074,YRN1094,YRN1094,6.97,Component-2,46.6
STY0074,FSTY0074,YRN1607,YRN1607,7.07,Component-3,94.3
STY0075,FSTY0075,YRN1319,YRN1319,10.18,Component-4,13.9
STY0075,FSTY0075,YRN1078,YRN1078,4.19,Component-1,20.7
STY0075,FSTY0075,YRN2136,YRN2136,10.75,Component-4,57.5
STY0075,FSTY0075,YRN2017,YRN2017,9.38,Component-5,74.7
STY0075,FSTY0075,YRN1458,YRN1458,10.51,Component-1,99.6
STY0075,FSTY0075,YRN1851,YRN1851,14.22,Component-2,54.3
STY0075,FSTY0075,YRN1124,YRN1124,3.59,Component-4,60.3
STY0075,FSTY0075,YRN1469,YRN1469,14.0,Component-2,62.4
STY0076,FSTY0076,YRN1710,YRN1710,1.28,Component-4,78.2
STY0076,FSTY0076,YRN2026,YRN2026,11.69,Component-3,22.0
STY0076,FSTY0076,YRN1724,YRN1724,12.29,Component-3,28.0
STY0076,FSTY0076,YRN1942,YRN1942,12.66,Component-2,20.2
STY0076,FSTY0076,YRN1258,YRN1258,2.67,Component-3,52.7
STY0076,FSTY0076,YRN1492,YRN1492,2.74,Component-5,16.6
STY0076,FSTY0076,YRN1180,YRN1180,6.07,Component-4,86.6
STY0076,FSTY0076,YRN1298,YRN1298,6.5,Component-4,39.8
STY0077,FSTY0077,YRN1216,YRN1216,0.74,Component-4,50.6
STY0077,FSTY0077,YRN2030,YRN2030,14.89,Component-2,23.1
STY0077,FSTY0077,YRN2109,YRN2109,1.41,Component-3,13.5
STY0077,FSTY0077,YRN1291,YRN1291,2.31,Component-5,95.7
STY0077,FSTY0077,YRN1368,YRN1368,6.99,Component-3,56.8
STY0077,FSTY0077,YRN1300,YRN1300,3.26,Component-5,64.5
STY0077,FSTY0077,YRN1774,YRN1774,9.67,Component-3,65.4
STY0078,FSTY0078,YRN1476,YRN1476,7.82,Component-5,44.2
STY0078,FSTY0078,YRN1037,YRN1037,11.52,Component-1,37.8
STY0078,FSTY0078,YRN1902,YRN1902,2.97,Component-2,95.0
STY0078,FSTY0078,YRN1876,YRN1876,10.03,Component-2,12.8
STY0079,FSTY0079,YRN1185,YRN1185,1.41,Component-4,92.0
STY0079,FSTY0079,YRN1553,YRN1553,1.92,Component-1,65.4
STY0079,FSTY0079,YRN1673,YRN1673,14.31,Component-5,38.5
STY0079,FSTY0079,YRN2058,YRN2058,3.78,Component-3,72.5
STY0080,FSTY0080,YRN1996,YRN1996,1.99,Component-2,28.2
STY0080,FSTY0080,YRN1704,YRN1704,12.67,Component-3,36.7
STY0080,FSTY0080,YRN1671,YRN1671,2.35,Component-2,15.1
STY0080,FSTY0080,YRN1806,YRN1806,3.3,Component-2,91.4
STY0081,FSTY0081,YRN1972,YRN1972,0.58,Component-4,80.2
STY0081,FSTY0081,YRN2011,YRN2011,4.54,Component-2,38.3
STY0081,FSTY0081,YRN1063,YRN1063,11.32,Component-4,46.1
STY0081,FSTY0081,YRN1733,YRN1733,5.19,Component-3,97.3
STY0082,FSTY0082,YRN1990,YRN1990,9.89,Component-4,89.2
STY0082,FSTY0082,YRN1397,YRN1397,14.78,Component-2,92.0
STY0082,FSTY0082,YRN1216,YRN1216,13.68,Component-5,35.3
STY0083,FSTY0083,YRN1639,YRN1639,4.66,Component-3,18.0
STY0083,FSTY0083,YRN1069,YRN1069,7.72,Component-3,29.2
STY0083,FSTY0083,YRN1212,YRN1212,12.51,Component-5,62.3
STY0083,FSTY0083,YRN1204,YRN1204,1.49,Component-2,39.2
STY0083,FSTY0083,YRN1518,YRN1518,6.25,Component-1,16.8
STY0083,FSTY0083,YRN1256,YRN1256,3.89,Component-5,65.1
STY0083,FSTY0083,YRN1109,YRN1109,11.99,Component-2,65.3
STY0084,FSTY0084,YRN1550,YRN1550,8.11,Component-4,72.2
STY0084,FSTY0084,YRN2172,YRN2172,8.28,Component-3,50.9
STY0084,FSTY0084,YRN2137,YRN2137,1.33,Component-5,82.7
STY0084,FSTY0084,YRN1532,YRN1532,3.27,Component-1,98.2
STY0084,FSTY0084,YRN1865,YRN1865,11.52,Component-1,35.1
STY0084,FSTY0084,YRN1282,YRN1282,3.03,Component-5,95.9
STY0084,FSTY0084,YRN1764,YRN1764,6.25,Component-2,67.2
STY0084,FSTY0084,YRN1413,YRN1413,3.96,Component-1,30.0
STY0085,FSTY0085,YRN1651,YRN1651,14.77,Component-5,77.5
STY0085,FSTY0085,YRN1950,YRN1950,2.26,Component-4,78.3
STY0085,FSTY0085,YRN1664,YRN1664,3.29,Component-2,66.6
STY0085,FSTY0085,YRN1235,YRN1235,4.03,Component-2,34.2
STY0085,FSTY0085,YRN2121,YRN2121,13.11,Component-3,69.6
STY0085,FSTY0085,YRN1719,YRN1719,2.79,Component-5,59.0
STY0085,FSTY0085,YRN1657,YRN1657,8.12,Component-5,82.7
STY0085,FSTY0085,YRN1094,YRN1094,12.51,Component-3,56.5
STY0086,FSTY0086,YRN1208,YRN1208,9.58,Component-2,10.5
STY0086,FSTY0086,YRN2003,YRN2003,14.91,Component-5,58.8
STY0086,FSTY0086,YRN1340,YRN1340,11.36,Component-1,43.2
STY0086,FSTY0086,YRN1636,YRN1636,11.68,Component-3,93.4
STY0087,FSTY0087,YRN2189,YRN2189,5.49,Component-5,68.4
STY0087,FSTY0087,YRN1594,YRN1594,14.6,Component-2,70.5
STY0088,FSTY0088,YRN1978,YRN1978,12.75,Component-5,91.8
STY0088,FSTY0088,YRN1938,YRN1938,6.68,Component-2,57.2
STY0088,FSTY0088,YRN1572,YRN1572,5.01,Component-5,98.5
STY0088,FSTY0088,YRN1666,YRN1666,14.76,Component-5,40.7
STY0088,FSTY0088,YRN2187,YRN2187,8.46,Component-1,18.7
STY0088,FSTY0088,YRN1594,YRN1594,11.15,Component-3,15.3
STY0088,FSTY0088,YRN1758,YRN1758,9.67,Component-3,85.7
STY0089,FSTY0089,YRN1384,YRN1384,1.6,Component-1,80.5
STY0089,FSTY0089,YRN1600,YRN1600,1.97,Component-4,32.2
STY0089,FSTY0089,YRN1636,YRN1636,9.37,Component-5,15.9
STY0089,FSTY0089,YRN1187,YRN1187,2.06,Component-1,46.0
STY0090,FSTY0090,YRN1292,YRN1292,4.81,Component-5,62.2
STY0090,FSTY0090,YRN1105,YRN1105,10.14,Component-4,47.5
STY0090,FSTY0090,YRN1422,YRN1422,10.26,Component-2,79.0
STY0090,FSTY0090,YRN1529,YRN1529,14.73,Component-2,60.0
STY0090,FSTY0090,YRN1995,YRN1995,8.66,Component-5,47.9
STY0091,FSTY0091,YRN1744,YRN1744,2.56,Component-1,43.8
STY0091,FSTY0091,YRN1006,YRN1006,13.0,Component-2,51.8
STY0092,FSTY0092,YRN1694,YRN1694,1.96,Component-3,58.6
STY0092,FSTY0092,YRN1745,YRN1745,6.63,Component-1,44.4
STY0092,FSTY0092,YRN1377,YRN1377,9.91,Component-2,63.8
STY0092,FSTY0092,YRN1490,YRN1490,12.56,Component-5,39.4
STY0092,FSTY0092,YRN1100,YRN1100,0.74,Component-4,77.8
STY0092,FSTY0092,YRN1857,YRN1857,11.24,Component-1,57.6
STY0093,FSTY0093,YRN2119,YRN2119,3.11,Component-5,25.0
STY0093,FSTY0093,YRN1059,YRN1059,9.09,Component-1,19.8
STY0094,FSTY0094,YRN1254,YRN1254,12.55,Component-2,28.0
STY0094,FSTY0094,YRN1544,YRN1544,6.12,Component-3,47.3
STY0094,FSTY0094,YRN1999,YRN1999,7.04,Component-1,25.4
STY0094,FSTY0094,YRN1602,YRN1602,8.38,Component-3,22.7
STY0095,FSTY0095,YRN1350,YRN1350,1.39,Component-5,65.8
STY0095,FSTY0095,YRN1735,YRN1735,9.29,Component-3,75.0
STY0095,FSTY0095,YRN2038,YRN2038,3.79,Component-1,84.1
STY0095,FSTY0095,YRN1045,YRN1045,7.22,Component-4,47.4
STY0095,FSTY0095,YRN1739,YRN1739,1.93,Component-2,60.7
STY0096,FSTY0096,YRN1427,YRN1427,11.35,Component-1,43.8
STY0096,FSTY0096,YRN1289,YRN1289,14.13,Component-2,72.7
STY0096,FSTY0096,YRN2028,YRN2028,14.16,Component-4,92.3
STY0096,FSTY0096,YRN1195,YRN1195,10.51,Component-5,80.1
STY0096,FSTY0096,YRN2165,YRN2165,3.08,Component-3,24.0
STY0096,FSTY0096,YRN1326,YRN1326,3.77,Component-3,13.3
STY0097,FSTY0097,YRN1656,YRN1656,11.95,Component-5,21.3
STY0097,FSTY0097,YRN1677,YRN1677,13.92,Component-4,88.4
STY0097,FSTY0097,YRN1647,YRN1647,12.56,Component-3,41.1
STY0098,FSTY0098,YRN1891,YRN1891,7.76,Component-4,73.9
STY0098,FSTY0098,YRN1019,YRN1019,12.32,Component-3,92.7
STY0099,FSTY0099,YRN1368,YRN1368,12.39,Component-1,16.1
STY0099,FSTY0099,YRN1447,YRN1447,13.89,Component-3,25.5
STY0099,FSTY0099,YRN1259,YRN1259,11.97,Component-3,49.5
STY0099,FSTY0099,YRN1269,YRN1269,9.05,Component-1,51.5
STY0099,FSTY0099,YRN1735,YRN1735,10.44,Component-1,11.7
STY0099,FSTY0099,YRN1726,YRN1726,13.17,Component-3,91.2
STY0100,FSTY0100,YRN1571,YRN1571,1.72,Component-3,74.2
STY0100,FSTY0100,YRN1255,YRN1255,2.17,Component-4,71.1
STY0100,FSTY0100,YRN1953,YRN1953,3.36,Component-4,79.6
STY0100,FSTY0100,YRN1073,YRN1073,9.1,Component-3,84.6
STY0100,FSTY0100,YRN2009,YRN2009,2.61,Component-2,94.7
STY0100,FSTY0100,YRN1122,YRN1122,9.82,Component-1,83.8
STY0101,FSTY0101,YRN2100,YRN2100,12.3,Component-4,32.8
STY0101,FSTY0101,YRN1314,YRN1314,5.25,Component-1,87.8
STY0101,FSTY0101,YRN1637,YRN1637,2.7,Component-5,81.5
STY0101,FSTY0101,YRN1641,YRN1641,14.35,Component-1,92.1
STY0101,FSTY0101,YRN1089,YRN1089,7.29,Component-2,27.4
STY0102,FSTY0102,YRN1890,YRN1890,10.23,Component-4,44.1
STY0102,FSTY0102,YRN1951,YRN1951,8.97,Component-5,20.3
STY0103,FSTY0103,YRN2017,YRN2017,9.5,Component-3,94.3
STY0103,FSTY0103,YRN1823,YRN1823,7.8,Component-3,55.2
STY0103,FSTY0103,YRN1610,YRN1610,7.78,Component-5,80.0
STY0103,FSTY0103,YRN2161,YRN2161,6.49,Component-2,40.4
STY0103,FSTY0103,YRN1274,YRN1274,8.16,Component-2,71.9
STY0103,FSTY0103,YRN1080,YRN1080,12.03,Component-2,91.1
STY0104,FSTY0104,YRN1020,YRN1020,10.17,Component-1,37.7
STY0104,FSTY0104,YRN1350,YRN1350,11.07,Component-2,45.0
STY0104,FSTY0104,YRN1969,YRN1969,3.43,Component-3,81.8
STY0104,FSTY0104,YRN1208,YRN1208,2.92,Component-3,74.4
STY0104,FSTY0104,YRN2097,YRN2097,9.75,Component-4,83.7
STY0104,FSTY0104,YRN1112,YRN1112,13.43,Component-4,77.7
STY0104,FSTY0104,YRN1196,YRN1196,5.28,Component-4,20.3
STY0105,FSTY0105,YRN1909,YRN1909,14.15,Component-1,97.4
STY0105,FSTY0105,YRN2123,YRN2123,4.09,Component-1,86.7
STY0105,FSTY0105,YRN1249,YRN1249,7.31,Component-3,74.9
STY0106,FSTY0106,YRN1641,YRN1641,12.95,Component-2,46.5
STY0106,FSTY0106,YRN1120,YRN1120,2.22,Component-2,50.0
STY0106,FSTY0106,YRN1889,YRN1889,9.06,Component-3,95.4
STY0106,FSTY0106,YRN1350,YRN1350,5.55,Component-2,64.6
STY0106,FSTY0106,YRN1778,YRN1778,8.29,Component-1,26.9
STY0106,FSTY0106,YRN2019,YRN2019,7.5,Component-3,95.4
STY0107,FSTY0107,YRN1437,YRN1437,8.38,Component-3,68.6
STY0107,FSTY0107,YRN2091,YRN2091,7.82,Component-5,28.0
STY0107,FSTY0107,YRN2127,YRN2127,13.54,Component-2,61.9
STY0107,FSTY0107,YRN1722,YRN1722,8.93,Component-2,10.0
STY0107,FSTY0107,YRN1510,YRN1510,7.38,Component-2,93.4
STY0107,FSTY0107,YRN1878,YRN1878,9.54,Component-4,33.8
STY0107,FSTY0107,YRN1744,YRN1744,3.95,Component-1,18.0
STY0107,FSTY0107,YRN1968,YRN1968,5.96,Component-4,32.0
STY0108,FSTY0108,YRN1902,YRN1902,7.39,Component-1,61.8
STY0108,FSTY0108,YRN1183,YRN1183,4.13,Component-1,16.5
STY0108,FSTY0108,YRN1193,YRN1193,12.31,Component-5,58.5
STY0108,FSTY0108,YRN1398,YRN1398,8.65,Component-3,72.9
STY0108,FSTY0108,YRN1490,YRN1490,2.4,Component-2,53.6
STY0108,FSTY0108,YRN1824,YRN1824,1.34,Component-2,58.3
STY0108,FSTY0108,YRN2088,YRN2088,12.38,Component-4,45.7
STY0108,FSTY0108,YRN1509,YRN1509,12.65,Component-5,76.9
STY0109,FSTY0109,YRN1743,YRN1743,2.14,Component-1,15.8
STY0109,FSTY0109,YRN1234,YRN1234,6.64,Component-1,35.4
STY0110,FSTY0110,YRN1761,YRN1761,12.54,Component-2,85.7
STY0110,FSTY0110,YRN1411,YRN1411,10.26,Component-3,29.9
STY0110,FSTY0110,YRN1484,YRN1484,0.98,Component-5,44.2
STY0110,FSTY0110,YRN1279,YRN1279,4.32,Component-4,55.7
STY0111,FSTY0111,YRN1834,YRN1834,4.12,Component-5,32.2
STY0111,FSTY0111,YRN1555,YRN1555,7.69,Component-2,78.8
STY0112,FSTY0112,YRN2027,YRN2027,3.01,Component-5,47.1
STY0112,FSTY0112,YRN1732,YRN1732,2.37,Component-1,53.0
STY0113,FSTY0113,YRN1804,YRN1804,14.83,Component-5,25.3
STY0113,FSTY0113,YRN1915,YRN1915,5.61,Component-5,73.9
STY0114,FSTY0114,YRN1987,YRN1987,11.29,Component-1,37.5
STY0114,FSTY0114,YRN1881,YRN1881,1.36,Component-4,67.3
STY0114,FSTY0114,YRN1807,YRN1807,6.68,Component-4,74.4
STY0114,FSTY0114,YRN2041,YRN2041,10.39,Component-4,26.3
STY0114,FSTY0114,YRN1193,YRN1193,8.67,Component-1,91.4
STY0114,FSTY0114,YRN1199,YRN1199,3.25,Component-5,10.9
STY0114,FSTY0114,YRN1740,YRN1740,8.04,Component-2,29.5
STY0114,FSTY0114,YRN1192,YRN1192,3.65,Component-4,25.9
STY0115,FSTY0115,YRN2183,YRN2183,9.24,Component-1,11.2
STY0115,FSTY0115,YRN1882,YRN1882,1.22,Component-1,94.3
STY0115,FSTY0115,YRN1806,YRN1806,4.7,Component-3,19.6
STY0116,FSTY0116,YRN1127,YRN1127,13.5,Component-2,89.7
STY0116,FSTY0116,YRN1383,YRN1383,10.02,Component-4,88.2
STY0116,FSTY0116,YRN1276,YRN1276,5.91,Component-1,28.4
STY0116,FSTY0116,YRN1468,YRN1468,6.38,Component-3,16.7
STY0116,FSTY0116,YRN1426,YRN1426,5.96,Component-4,30.9
STY0116,FSTY0116,YRN1747,YRN1747,9.48,Component-5,83.7
STY0116,FSTY0116,YRN1309,YRN1309,0.66,Component-4,27.8
STY0117,FSTY0117,YRN1998,YRN1998,10.9,Component-5,87.0
STY0117,FSTY0117,YRN1257,YRN1257,2.61,Component-2,49.5
STY0117,FSTY0117,YRN1145,YRN1145,10.49,Component-2,84.4
STY0117,FSTY0117,YRN1909,YRN1909,4.9,Component-1,47.6
STY0117,FSTY0117,YRN1913,YRN1913,4.66,Component-2,47.0
STY0117,FSTY0117,YRN1682,YRN1682,5.74,Component-1,95.3
STY0118,FSTY0118,YRN2039,YRN2039,7.36,Component-4,56.6
STY0118,FSTY0118,YRN1849,YRN1849,11.87,Component-4,88.0
STY0118,FSTY0118,YRN1798,YRN1798,10.62,Component-2,54.3
STY0118,FSTY0118,YRN1615,YRN1615,9.31,Component-2,53.2
STY0118,FSTY0118,YRN1419,YRN1419,4.54,Component-1,33.2
STY0118,FSTY0118,YRN1532,YRN1532,6.51,Component-1,13.8
STY0118,FSTY0118,YRN2015,YRN2015,7.64,Component-4,32.5
STY0118,FSTY0118,YRN1838,YRN1838,1.23,Component-5,67.8
STY0119,FSTY0119,YRN1624,YRN1624,2.42,Component-3,28.5
STY0119,FSTY0119,YRN1818,YRN1818,7.78,Component-3,34.7
STY0119,FSTY0119,YRN1152,YRN1152,13.55,Component-3,12.3
STY0119,FSTY0119,YRN1087,YRN1087,6.48,Component-4,57.5
STY0120,FSTY0120,YRN1215,YRN1215,2.24,Component-3,24.8
STY0120,FSTY0120,YRN1830,YRN1830,0.91,Component-5,75.1
STY0120,FSTY0120,YRN1635,YRN1635,9.71,Component-4,22.1
STY0120,FSTY0120,YRN1474,YRN1474,12.39,Component-4,39.7
STY0120,FSTY0120,YRN1481,YRN1481,13.24,Component-5,14.9
STY0120,FSTY0120,YRN1683,YRN1683,13.02,Component-1,68.2
STY0120,FSTY0120,YRN1083,YRN1083,9.77,Component-2,33.1
STY0120,FSTY0120,YRN1097,YRN1097,14.39,Component-5,25.9
STY0121,FSTY0121,YRN2006,YRN2006,9.47,Component-3,27.9
STY0121,FSTY0121,YRN1880,YRN1880,9.63,Component-5,12.2
STY0121,FSTY0121,YRN1110,YRN1110,2.55,Component-2,64.7
STY0121,FSTY0121,YRN1385,YRN1385,2.65,Component-1,80.0
STY0121,FSTY0121,YRN1753,YRN1753,1.95,Component-2,36.2
STY0122,FSTY0122,YRN1763,YRN1763,11.26,Component-3,77.5
STY0122,FSTY0122,YRN1051,YRN1051,10.96,Component-3,45.5
STY0122,FSTY0122,YRN2085,YRN2085,9.26,Component-3,31.1
STY0122,FSTY0122,YRN1332,YRN1332,1.04,Component-3,74.2
STY0122,FSTY0122,YRN2078,YRN2078,7.13,Component-1,69.3
STY0122,FSTY0122,YRN1521,YRN1521,4.14,Component-2,88.1
STY0122,FSTY0122,YRN2122,YRN2122,6.96,Component-4,42.6
STY0122,FSTY0122,YRN1456,YRN1456,11.02,Component-2,89.2
STY0123,FSTY0123,YRN1507,YRN1507,6.78,Component-2,30.5
STY0123,FSTY0123,YRN1610,YRN1610,1.59,Component-1,32.4
STY0124,FSTY0124,YRN1220,YRN1220,4.63,Component-2,17.3
STY0124,FSTY0124,YRN1575,YRN1575,1.25,Component-2,36.0
STY0124,FSTY0124,YRN1639,YRN1639,2.59,Component-5,38.8
STY0125,FSTY0125,YRN2161,YRN2161,11.87,Component-1,88.9
STY0125,FSTY0125,YRN2073,YRN2073,12.66,Component-3,62.8
STY0125,FSTY0125,YRN1790,YRN1790,11.38,Component-5,53.1
STY0125,FSTY0125,YRN1636,YRN1636,7.22,Component-5,35.3
STY0126,FSTY0126,YRN1327,YRN1327,10.56,Component-3,57.1
STY0126,FSTY0126,YRN1752,YRN1752,13.0,Component-1,57.0
STY0126,FSTY0126,YRN1734,YRN1734,13.18,Component-4,46.2
STY0126,FSTY0126,YRN1161,YRN1161,13.99,Component-2,38.2
STY0126,FSTY0126,YRN2060,YRN2060,9.15,Component-2,28.4
STY0127,FSTY0127,YRN1694,YRN1694,6.25,Component-4,45.7
STY0127,FSTY0127,YRN1034,YRN1034,5.59,Component-1,64.4
STY0127,FSTY0127,YRN2114,YRN2114,10.97,Component-4,70.7
STY0127,FSTY0127,YRN1470,YRN1470,2.33,Component-4,72.0
STY0127,FSTY0127,YRN2134,YRN2134,5.2,Component-3,93.7
STY0127,FSTY0127,YRN1661,YRN1661,14.4,Component-2,44.3
STY0127,FSTY0127,YRN1922,YRN1922,3.03,Component-3,45.7
STY0127,FSTY0127,YRN1426,YRN1426,2.19,Component-4,42.1
STY0128,FSTY0128,YRN1255,YRN1255,3.1,Component-3,25.5
STY0128,FSTY0128,YRN1403,YRN1403,11.49,Component-5,11.6
STY0128,FSTY0128,YRN1555,YRN1555,1.53,Component-1,26.4
STY0128,FSTY0128,YRN1460,YRN1460,14.47,Component-3,28.8
STY0128,FSTY0128,YRN1106,YRN1106,11.77,Component-4,24.2
STY0128,FSTY0128,YRN1303,YRN1303,5.45,Component-5,79.6
STY0128,FSTY0128,YRN1589,YRN1589,1.26,Component-3,18.2
STY0128,FSTY0128,YRN1975,YRN1975,6.72,Component-2,60.0
STY0129,FSTY0129,YRN1251,YRN1251,12.5,Component-4,66.5
STY0129,FSTY0129,YRN1589,YRN1589,6.09,Component-1,95.0
STY0129,FSTY0129,YRN1282,YRN1282,2.45,Component-4,80.0
STY0129,FSTY0129,YRN1381,YRN1381,6.16,Component-5,52.4
STY0129,FSTY0129,YRN2192,YRN2192,13.18,Component-5,79.4
STY0129,FSTY0129,YRN1041,YRN1041,1.5,Component-3,92.9
STY0129,FSTY0129,YRN1592,YRN1592,14.3,Component-4,34.8
STY0130,FSTY0130,YRN1398,YRN1398,5.44,Component-5,87.9
STY0130,FSTY0130,YRN1784,YRN1784,13.21,Component-3,63.9
STY0130,FSTY0130,YRN1848,YRN1848,14.13,Component-5,62.2
STY0131,FSTY0131,YRN1913,YRN1913,3.69,Component-2,25.2
STY0131,FSTY0131,YRN1605,YRN1605,9.82,Component-5,34.5
STY0132,FSTY0132,YRN2169,YRN2169,5.79,Component-3,85.4
STY0132,FSTY0132,YRN1645,YRN1645,7.86,Component-4,11.7
STY0132,FSTY0132,YRN1448,YRN1448,14.81,Component-5,40.0
STY0133,FSTY0133,YRN1577,YRN1577,3.33,Component-1,47.7
STY0133,FSTY0133,YRN1014,YRN1014,12.06,Component-1,73.5
STY0133,FSTY0133,YRN1843,YRN1843,9.57,Component-5,12.8
STY0133,FSTY0133,YRN1554,YRN1554,11.17,Component-4,61.0
STY0134,FSTY0134,YRN1768,YRN1768,14.36,Component-4,73.5
STY0134,FSTY0134,YRN1065,YRN1065,0.66,Component-1,72.7
STY0134,FSTY0134,YRN1972,YRN1972,1.58,Component-1,34.9
STY0134,FSTY0134,YRN1926,YRN1926,3.96,Component-5,96.7
STY0134,FSTY0134,YRN1652,YRN1652,2.93,Component-5,99.0
STY0135,FSTY0135,YRN1713,YRN1713,3.1,Component-1,66.9
STY0135,FSTY0135,YRN1509,YRN1509,6.74,Component-2,48.0
STY0135,FSTY0135,YRN1673,YRN1673,5.15,Component-4,71.0
STY0135,FSTY0135,YRN2189,YRN2189,12.12,Component-2,17.0
STY0135,FSTY0135,YRN1179,YRN1179,10.95,Component-3,90.6
STY0135,FSTY0135,YRN1827,YRN1827,5.4,Component-1,40.9
STY0136,FSTY0136,YRN1109,YRN1109,7.14,Component-5,48.5
STY0136,FSTY0136,YRN1468,YRN1468,6.79,Component-5,22.7
STY0136,FSTY0136,YRN1884,YRN1884,3.88,Component-1,85.1
STY0136,FSTY0136,YRN1570,YRN1570,3.66,Component-1,17.3
STY0136,FSTY0136,YRN1374,YRN1374,2.38,Component-1,51.1
STY0137,FSTY0137,YRN1782,YRN1782,14.4,Component-4,95.7
STY0137,FSTY0137,YRN1300,YRN1300,2.31,Component-1,38.8
STY0138,FSTY0138,YRN1582,YRN1582,13.34,Component-3,68.1
STY0138,FSTY0138,YRN1496,YRN1496,7.11,Component-1,31.2
STY0138,FSTY0138,YRN1525,YRN1525,0.54,Component-1,86.2
STY0138,FSTY0138,YRN1686,YRN1686,8.52,Component-2,51.5
STY0138,FSTY0138,YRN1396,YRN1396,1.51,Component-2,66.6
STY0139,FSTY0139,YRN1384,YRN1384,7.55,Component-3,28.6
STY0139,FSTY0139,YRN1935,YRN1935,11.57,Component-5,61.5
STY0139,FSTY0139,YRN1568,YRN1568,8.7,Component-1,35.0
STY0139,FSTY0139,YRN1635,YRN1635,8.53,Component-1,93.1
STY0140,FSTY0140,YRN1948,YRN1948,11.65,Component-4,58.3
STY0140,FSTY0140,YRN1255,YRN1255,8.04,Component-4,35.5
STY0140,FSTY0140,YRN1185,YRN1185,10.07,Component-3,98.3
STY0141,FSTY0141,YRN1115,YRN1115,4.46,Component-1,36.1
STY0141,FSTY0141,YRN2101,YRN2101,4.91,Component-1,55.0
STY0141,FSTY0141,YRN1117,YRN1117,10.94,Component-1,28.9
STY0141,FSTY0141,YRN2108,YRN2108,2.07,Component-2,48.7
STY0142,FSTY0142,YRN1359,YRN1359,2.91,Component-5,88.0
STY0142,FSTY0142,YRN1526,YRN1526,13.0,Component-5,65.3
STY0142,FSTY0142,YRN1407,YRN1407,11.71,Component-1,99.4
STY0142,FSTY0142,YRN2034,YRN2034,9.48,Component-1,64.1
STY0142,FSTY0142,YRN1139,YRN1139,3.71,Component-4,68.6
STY0142,FSTY0142,YRN1120,YRN1120,8.77,Component-3,76.7
STY0142,FSTY0142,YRN1397,YRN1397,10.2,Component-3,83.0
STY0143,FSTY0143,YRN1099,YRN1099,9.8,Component-2,50.6
STY0143,FSTY0143,YRN1027,YRN1027,14.16,Component-5,14.7
STY0143,FSTY0143,YRN2169,YRN2169,4.78,Component-3,62.7
STY0143,FSTY0143,YRN2028,YRN2028,0.98,Component-4,65.0
STY0143,FSTY0143,YRN1618,YRN1618,12.8,Component-5,87.0
STY0143,FSTY0143,YRN2055,YRN2055,14.72,Component-1,63.9
STY0143,FSTY0143,YRN1924,YRN1924,7.18,Component-1,16.3
STY0143,FSTY0143,YRN1833,YRN1833,6.78,Component-1,21.7
STY0144,FSTY0144,YRN2162,YRN2162,7.87,Component-3,47.7
STY0144,FSTY0144,YRN1239,YRN1239,3.31,Component-3,68.3
STY0144,FSTY0144,YRN1442,YRN1442,7.62,Component-5,73.1
STY0144,FSTY0144,YRN1941,YRN1941,10.15,Component-3,79.8
STY0144,FSTY0144,YRN1029,YRN1029,8.12,Component-5,70.0
STY0144,FSTY0144,YRN1496,YRN1496,7.67,Component-1,27.7
STY0145,FSTY0145,YRN1485,YRN1485,11.06,Component-1,54.1
STY0145,FSTY0145,YRN1115,YRN1115,3.94,Component-5,39.4
STY0145,FSTY0145,YRN1717,YRN1717,5.36,Component-5,47.6
STY0146,FSTY0146,YRN1080,YRN1080,9.88,Component-3,20.7
STY0146,FSTY0146,YRN2088,YRN2088,6.18,Component-4,48.1
STY0147,FSTY0147,YRN1711,YRN1711,8.57,Component-5,63.4
STY0147,FSTY0147,YRN1357,YRN1357,1.2,Component-1,65.5
STY0147,FSTY0147,YRN2007,YRN2007,13.15,Component-2,91.2
STY0147,FSTY0147,YRN1247,YRN1247,4.13,Component-4,39.9
STY0148,FSTY0148,YRN2184,YRN2184,9.69,Component-2,66.5
STY0148,FSTY0148,YRN1759,YRN1759,13.67,Component-2,16.2
STY0148,FSTY0148,YRN1858,YRN1858,3.6,Component-1,58.8
STY0148,FSTY0148,YRN1245,YRN1245,8.15,Component-2,96.3
STY0148,FSTY0148,YRN2126,YRN2126,7.47,Component-4,24.8
STY0148,FSTY0148,YRN1936,YRN1936,9.15,Component-3,85.9
STY0149,FSTY0149,YRN1705,YRN1705,8.95,Component-3,98.9
STY0149,FSTY0149,YRN1000,YRN1000,11.47,Component-2,79.4
STY0149,FSTY0149,YRN2066,YRN2066,13.62,Component-5,56.6
STY0149,FSTY0149,YRN1590,YRN1590,1.66,Component-1,40.2
STY0149,FSTY0149,YRN1443,YRN1443,1.71,Component-4,25.1
STY0149,FSTY0149,YRN1884,YRN1884,14.06,Component-2,35.1
STY0149,FSTY0149,YRN1837,YRN1837,10.34,Component-5,44.8
STY0149,FSTY0149,YRN1648,YRN1648,1.56,Component-3,96.6
STY0150,FSTY0150,YRN1143,YRN1143,13.09,Component-5,41.1
STY0150,FSTY0150,YRN2032,YRN2032,2.02,Component-1,46.6
STY0150,FSTY0150,YRN1156,YRN1156,12.79,Component-5,11.4
STY0150,FSTY0150,YRN1512,YRN1512,1.91,Component-3,29.7
STY0150,FSTY0150,YRN1426,YRN1426,13.52,Component-3,83.2
STY0151,FSTY0151,YRN2083,YRN2083,0.81,Component-5,91.7
STY0151,FSTY0151,YRN1555,YRN1555,14.83,Component-4,85.3
STY0151,FSTY0151,YRN1550,YRN1550,2.96,Component-4,32.4
STY0151,FSTY0151,YRN1882,YRN1882,9.52,Component-4,64.5
STY0152,FSTY0152,YRN1756,YRN1756,3.38,Component-5,69.8
STY0152,FSTY0152,YRN1117,YRN1117,10.03,Component-2,91.5
STY0153,FSTY0153,YRN1388,YRN1388,4.52,Component-2,57.1
STY0153,FSTY0153,YRN1852,YRN1852,4.34,Component-3,33.6
STY0153,FSTY0153,YRN1558,YRN1558,11.18,Component-5,69.9
STY0153,FSTY0153,YRN2069,YRN2069,1.12,Component-4,78.0
STY0153,FSTY0153,YRN2187,YRN2187,13.55,Component-1,37.7
STY0154,FSTY0154,YRN2006,YRN2006,6.07,Component-1,98.2
STY0154,FSTY0154,YRN2045,YRN2045,10.54,Component-5,10.1
STY0154,FSTY0154,YRN1761,YRN1761,10.57,Component-5,95.0
STY0154,FSTY0154,YRN1430,YRN1430,9.39,Component-1,23.4
STY0155,FSTY0155,YRN1024,YRN1024,1.57,Component-4,54.2
STY0155,FSTY0155,YRN1481,YRN1481,13.28,Component-5,85.0
STY0155,FSTY0155,YRN1610,YRN1610,3.25,Component-3,84.4
STY0156,FSTY0156,YRN1836,YRN1836,7.35,Component-4,19.0
STY0156,FSTY0156,YRN1806,YRN1806,0.96,Component-3,63.8
STY0156,FSTY0156,YRN1843,YRN1843,7.05,Component-2,67.5
STY0156,FSTY0156,YRN2070,YRN2070,14.17,Component-3,16.7
STY0156,FSTY0156,YRN1623,YRN1623,4.92,Component-3,91.8
STY0156,FSTY0156,YRN1805,YRN1805,13.64,Component-3,33.5
STY0156,FSTY0156,YRN1133,YRN1133,14.99,Component-2,64.5
STY0156,FSTY0156,YRN2108,YRN2108,8.12,Component-1,47.2
STY0157,FSTY0157,YRN1992,YRN1992,11.09,Component-3,38.5
STY0157,FSTY0157,YRN1609,YRN1609,6.76,Component-2,28.9
STY0157,FSTY0157,YRN1634,YRN1634,8.12,Component-1,39.8
STY0157,FSTY0157,YRN1355,YRN1355,7.6,Component-3,59.9
STY0158,FSTY0158,YRN1170,YRN1170,7.0,Component-5,93.2
STY0158,FSTY0158,YRN1497,YRN1497,11.55,Component-1,13.1
STY0158,FSTY0158,YRN1982,YRN1982,8.49,Component-5,88.5
STY0158,FSTY0158,YRN1401,YRN1401,3.58,Component-5,17.1
STY0158,FSTY0158,YRN1569,YRN1569,11.51,Component-1,96.5
STY0158,FSTY0158,YRN1615,YRN1615,7.05,Component-1,12.0
STY0158,FSTY0158,YRN1734,YRN1734,14.09,Component-1,66.2
STY0159,FSTY0159,YRN1777,YRN1777,11.53,Component-4,31.3
STY0159,FSTY0159,YRN1447,YRN1447,11.82,Component-4,63.4
STY0159,FSTY0159,YRN1976,YRN1976,9.92,Component-1,23.0
STY0159,FSTY0159,YRN1011,YRN1011,2.52,Component-4,30.6
STY0159,FSTY0159,YRN1927,YRN1927,10.85,Component-5,87.4
STY0159,FSTY0159,YRN1606,YRN1606,10.87,Component-2,62.4
STY0159,FSTY0159,YRN1550,YRN1550,7.63,Component-4,30.0
STY0159,FSTY0159,YRN2159,YRN2159,7.11,Component-5,58.1
STY0160,FSTY0160,YRN1610,YRN1610,2.29,Component-2,33.8
STY0160,FSTY0160,YRN1522,YRN1522,13.67,Component-5,60.9
STY0161,FSTY0161,YRN2096,YRN2096,12.48,Component-5,41.7
STY0161,FSTY0161,YRN1758,YRN1758,5.07,Component-3,58.4
STY0162,FSTY0162,YRN1216,YRN1216,2.5,Component-1,90.0
STY0162,FSTY0162,YRN1209,YRN1209,9.15,Component-3,60.9
STY0163,FSTY0163,YRN1636,YRN1636,11.06,Component-1,30.1
STY0163,FSTY0163,YRN1532,YRN1532,11.55,Component-2,10.4
STY0163,FSTY0163,YRN1049,YRN1049,5.65,Component-3,54.6
STY0163,FSTY0163,YRN1429,YRN1429,4.39,Component-3,93.1
STY0164,FSTY0164,YRN1528,YRN1528,2.51,Component-5,42.8
STY0164,FSTY0164,YRN1070,YRN1070,9.45,Component-4,91.0
STY0164,FSTY0164,YRN1732,YRN1732,12.1,Component-5,27.7
STY0164,FSTY0164,YRN1647,YRN1647,9.85,Component-5,89.8
STY0164,FSTY0164,YRN1473,YRN1473,5.87,Component-2,47.4
STY0164,FSTY0164,YRN1168,YRN1168,12.31,Component-3,27.5
STY0165,FSTY0165,YRN1681,YRN1681,4.9,Component-4,93.8
STY0165,FSTY0165,YRN1000,YRN1000,2.12,Component-5,86.5
STY0165,FSTY0165,YRN1034,YRN1034,5.57,Component-4,50.1
STY0165,FSTY0165,YRN1185,YRN1185,7.19,Component-1,67.5
STY0165,FSTY0165,YRN1158,YRN1158,3.93,Component-4,71.9
STY0165,FSTY0165,YRN1450,YRN1450,12.2,Component-1,62.2
STY0165,FSTY0165,YRN1175,YRN1175,0.84,Component-2,96.1
STY0165,FSTY0165,YRN2067,YRN2067,2.36,Component-1,31.6
STY0166,FSTY0166,YRN2195,YRN2195,1.77,Component-3,22.3
STY0166,FSTY0166,YRN1418,YRN1418,8.01,Component-3,68.8
STY0166,FSTY0166,YRN1879,YRN1879,14.44,Component-3,69.2
STY0167,FSTY0167,YRN1121,YRN1121,6.44,Component-4,42.5
STY0167,FSTY0167,YRN1867,YRN1867,5.47,Component-5,92.9
STY0167,FSTY0167,YRN1445,YRN1445,1.11,Component-2,88.6
STY0168,FSTY0168,YRN1355,YRN1355,14.69,Component-3,54.2
STY0168,FSTY0168,YRN1292,YRN1292,14.83,Component-2,55.6
STY0168,FSTY0168,YRN2132,YRN2132,2.35,Component-4,89.0
STY0168,FSTY0168,YRN1176,YRN1176,11.81,Component-3,62.3
STY0168,FSTY0168,YRN1985,YRN1985,12.98,Component-2,22.5
STY0168,FSTY0168,YRN1945,YRN1945,12.69,Component-2,61.8
STY0169,FSTY0169,YRN1942,YRN1942,8.61,Component-1,59.9
STY0169,FSTY0169,YRN1583,YRN1583,9.61,Component-4,66.2
STY0169,FSTY0169,YRN1654,YRN1654,7.32,Component-4,89.8
STY0170,FSTY0170,YRN1486,YRN1486,2.94,Component-3,81.9
STY0170,FSTY0170,YRN2055,YRN2055,6.71,Component-2,83.4
STY0170,FSTY0170,YRN2153,YRN2153,14.12,Component-3,37.7
STY0170,FSTY0170,YRN1672,YRN1672,1.33,Component-5,51.1
STY0170,FSTY0170,YRN1887,YRN1887,9.21,Component-2,57.2
STY0170,FSTY0170,YRN1743,YRN1743,2.38,Component-5,77.8
STY0171,FSTY0171,YRN2145,YRN2145,12.36,Component-2,66.8
STY0171,FSTY0171,YRN1971,YRN1971,1.28,Component-1,81.9
STY0171,FSTY0171,YRN1599,YRN1599,13.56,Component-1,59.5
STY0171,FSTY0171,YRN2139,YRN2139,1.42,Component-4,11.9
STY0171,FSTY0171,YRN1173,YRN1173,9.75,Component-4,45.8
STY0171,FSTY0171,YRN1074,YRN1074,14.02,Component-2,11.7
STY0171,FSTY0171,YRN2004,YRN2004,2.59,Component-5,91.1
STY0172,FSTY0172,YRN1781,YRN1781,13.69,Component-2,17.5
STY0172,FSTY0172,YRN1672,YRN1672,0.67,Component-4,92.4
STY0173,FSTY0173,YRN1170,YRN1170,7.28,Component-2,51.8
STY0173,FSTY0173,YRN1718,YRN1718,6.11,Component-2,65.9
STY0173,FSTY0173,YRN1612,YRN1612,6.5,Component-4,38.7
STY0173,FSTY0173,YRN1782,YRN1782,13.44,Component-2,95.3
STY0173,FSTY0173,YRN1000,YRN1000,10.99,Component-5,55.0
STY0173,FSTY0173,YRN1109,YRN1109,10.71,Component-1,49.9
STY0173,FSTY0173,YRN2111,YRN2111,12.12,Component-1,70.9
STY0173,FSTY0173,YRN2198,YRN2198,9.18,Component-3,72.6
STY0174,FSTY0174,YRN1738,YRN1738,0.9,Component-3,50.9
STY0174,FSTY0174,YRN2014,YRN2014,10.66,Component-3,49.2
STY0174,FSTY0174,YRN1389,YRN1389,3.29,Component-2,37.2
STY0174,FSTY0174,YRN1300,YRN1300,13.72,Component-2,54.5
STY0174,FSTY0174,YRN1788,YRN1788,7.81,Component-1,55.7
STY0174,FSTY0174,YRN1478,YRN1478,10.22,Component-5,13.1
STY0175,FSTY0175,YRN1511,YRN1511,7.86,Component-4,25.3
STY0175,FSTY0175,YRN1635,YRN1635,6.31,Component-2,84.4
STY0175,FSTY0175,YRN1198,YRN1198,9.95,Component-2,79.0
STY0175,FSTY0175,YRN1029,YRN1029,7.26,Component-4,72.1
STY0175,FSTY0175,YRN1034,YRN1034,6.22,Component-4,93.7
STY0175,FSTY0175,YRN1286,YRN1286,10.11,Component-3,84.4
STY0175,FSTY0175,YRN1591,YRN1591,1.69,Component-3,18.0
STY0176,FSTY0176,YRN1675,YRN1675,1.55,Component-3,92.6
STY0176,FSTY0176,YRN1615,YRN1615,9.36,Component-5,12.2
STY0176,FSTY0176,YRN1723,YRN1723,10.75,Component-4,81.2
STY0177,FSTY0177,YRN1753,YRN1753,6.13,Component-4,81.0
STY0177,FSTY0177,YRN1742,YRN1742,13.25,Component-1,85.9
STY0177,FSTY0177,YRN1450,YRN1450,3.9,Component-2,54.6
STY0177,FSTY0177,YRN2190,YRN2190,11.38,Component-3,59.8
STY0177,FSTY0177,YRN1593,YRN1593,13.26,Component-5,25.6
STY0177,FSTY0177,YRN2073,YRN2073,3.73,Component-1,23.3
STY0177,FSTY0177,YRN1592,YRN1592,7.03,Component-4,44.2
STY0178,FSTY0178,YRN1068,YRN1068,8.53,Component-3,69.1
STY0178,FSTY0178,YRN1888,YRN1888,8.42,Component-3,17.2
STY0178,FSTY0178,YRN1323,YRN1323,0.79,Component-3,97.0
STY0178,FSTY0178,YRN1690,YRN1690,12.38,Component-5,22.1
STY0178,FSTY0178,YRN2192,YRN2192,9.01,Component-4,56.7
STY0178,FSTY0178,YRN2141,YRN2141,4.48,Component-1,51.5
STY0178,FSTY0178,YRN2065,YRN2065,1.89,Component-5,87.4
STY0178,FSTY0178,YRN1711,YRN1711,5.28,Component-3,86.0
STY0179,FSTY0179,YRN1432,YRN1432,8.37,Component-4,67.2
STY0179,FSTY0179,YRN1259,YRN1259,7.54,Component-5,32.1
STY0179,FSTY0179,YRN1880,YRN1880,0.86,Component-3,46.8
STY0179,FSTY0179,YRN1597,YRN1597,9.34,Component-2,48.6
STY0179,FSTY0179,YRN2168,YRN2168,14.17,Component-2,42.5
STY0179,FSTY0179,YRN2085,YRN2085,11.28,Component-5,63.3
STY0179,FSTY0179,YRN2186,YRN2186,12.56,Component-2,89.4
STY0180,FSTY0180,YRN1344,YRN1344,6.72,Component-1,92.4
STY0180,FSTY0180,YRN1230,YRN1230,1.3,Component-5,90.5
STY0180,FSTY0180,YRN1525,YRN1525,4.47,Component-4,94.3
STY0180,FSTY0180,YRN1483,YRN1483,11.26,Component-2,62.4
STY0180,FSTY0180,YRN1869,YRN1869,5.67,Component-5,91.8
STY0180,FSTY0180,YRN1711,YRN1711,12.35,Component-5,49.9
STY0181,FSTY0181,YRN1950,YRN1950,14.0,Component-2,28.1
STY0181,FSTY0181,YRN1411,YRN1411,11.91,Component-1,27.7
STY0181,FSTY0181,YRN1608,YRN1608,3.52,Component-4,22.0
STY0181,FSTY0181,YRN1042,YRN1042,12.04,Component-5,96.1
STY0181,FSTY0181,YRN2089,YRN2089,2.36,Component-5,50.1
STY0181,FSTY0181,YRN2034,YRN2034,5.08,Component-3,39.5
STY0182,FSTY0182,YRN2083,YRN2083,9.99,Component-3,86.1
STY0182,FSTY0182,YRN1552,YRN1552,2.44,Component-5,63.7
STY0182,FSTY0182,YRN1210,YRN1210,4.99,Component-4,37.2
STY0182,FSTY0182,YRN2093,YRN2093,8.08,Component-2,69.3
STY0182,FSTY0182,YRN2106,YRN2106,1.69,Component-4,67.4
STY0182,FSTY0182,YRN2054,YRN2054,1.01,Component-2,32.1
STY0182,FSTY0182,YRN1934,YRN1934,1.07,Component-1,77.9
STY0183,FSTY0183,YRN1520,YRN1520,12.25,Component-2,20.6
STY0183,FSTY0183,YRN1045,YRN1045,7.71,Component-5,80.4
STY0183,FSTY0183,YRN2103,YRN2103,5.72,Component-4,41.3
STY0183,FSTY0183,YRN1978,YRN1978,11.02,Component-5,21.2
STY0183,FSTY0183,YRN1615,YRN1615,7.58,Component-5,93.5
STY0183,FSTY0183,YRN1942,YRN1942,2.58,Component-5,99.9
STY0184,FSTY0184,YRN1776,YRN1776,4.74,Component-4,28.5
STY0184,FSTY0184,YRN1669,YRN1669,7.42,Component-4,96.5
STY0184,FSTY0184,YRN1237,YRN1237,11.66,Component-5,49.8
STY0184,FSTY0184,YRN2152,YRN2152,8.78,Component-1,77.4
STY0185,FSTY0185,YRN1748,YRN1748,13.2,Component-3,25.7
STY0185,FSTY0185,YRN1014,YRN1014,4.75,Component-5,60.8
STY0185,FSTY0185,YRN2106,YRN2106,11.39,Component-4,76.8
STY0185,FSTY0185,YRN1910,YRN1910,5.45,Component-4,47.2
STY0186,FSTY0186,YRN1185,YRN1185,3.2,Component-4,54.7
STY0186,FSTY0186,YRN1166,YRN1166,12.23,Component-2,18.3
STY0186,FSTY0186,YRN1502,YRN1502,0.75,Component-5,21.5
STY0187,FSTY0187,YRN1406,YRN1406,3.65,Component-1,93.3
STY0187,FSTY0187,YRN1803,YRN1803,10.67,Component-2,18.7
STY0187,FSTY0187,YRN1089,YRN1089,4.21,Component-5,77.3
STY0188,FSTY0188,YRN1929,YRN1929,7.45,Component-5,55.7
STY0188,FSTY0188,YRN1378,YRN1378,3.75,Component-1,40.2
STY0188,FSTY0188,YRN1154,YRN1154,12.26,Component-3,66.8
STY0188,FSTY0188,YRN1175,YRN1175,3.06,Component-1,27.6
STY0188,FSTY0188,YRN2020,YRN2020,14.64,Component-2,42.0
STY0188,FSTY0188,YRN1292,YRN1292,1.91,Component-3,76.6
STY0188,FSTY0188,YRN1826,YRN1826,13.03,Component-1,39.2
STY0189,FSTY0189,YRN2008,YRN2008,3.88,Component-1,93.3
STY0189,FSTY0189,YRN1052,YRN1052,0.93,Component-4,78.5
STY0189,FSTY0189,YRN1374,YRN1374,8.77,Component-4,97.7
STY0189,FSTY0189,YRN1715,YRN1715,9.62,Component-3,35.7
STY0189,FSTY0189,YRN1097,YRN1097,12.17,Component-2,28.5
STY0190,FSTY0190,YRN1504,YRN1504,2.26,Component-3,82.2
STY0190,FSTY0190,YRN2136,YRN2136,13.14,Component-1,95.5
STY0190,FSTY0190,YRN1227,YRN1227,14.74,Component-4,20.4
STY0190,FSTY0190,YRN2115,YRN2115,3.93,Component-4,51.0
STY0190,FSTY0190,YRN2034,YRN2034,6.99,Component-5,45.0
STY0191,FSTY0191,YRN1659,YRN1659,11.96,Component-4,67.2
STY0191,FSTY0191,YRN1216,YRN1216,8.65,Component-4,37.7
STY0191,FSTY0191,YRN1293,YRN1293,4.26,Component-4,20.4
STY0191,FSTY0191,YRN1270,YRN1270,6.93,Component-2,31.0
STY0191,FSTY0191,YRN1531,YRN1531,7.8,Component-4,70.9
STY0192,FSTY0192,YRN1070,YRN1070,3.36,Component-2,19.6
STY0192,FSTY0192,YRN1701,YRN1701,6.22,Component-5,93.0
STY0192,FSTY0192,YRN1369,YRN1369,6.35,Component-2,44.7
STY0192,FSTY0192,YRN1267,YRN1267,6.81,Component-2,12.7
STY0193,FSTY0193,YRN2113,YRN2113,13.44,Component-1,66.4
STY0193,FSTY0193,YRN1456,YRN1456,0.52,Component-2,29.8
STY0193,FSTY0193,YRN1284,YRN1284,1.55,Component-1,65.1
STY0193,FSTY0193,YRN2049,YRN2049,12.38,Component-5,45.8
STY0193,FSTY0193,YRN2114,YRN2114,9.9,Component-4,99.0
STY0193,FSTY0193,YRN1169,YRN1169,10.17,Component-1,28.2
STY0194,FSTY0194,YRN1667,YRN1667,1.72,Component-5,19.5
STY0194,FSTY0194,YRN1527,YRN1527,5.17,Component-5,48.2
STY0194,FSTY0194,YRN1185,YRN1185,7.65,Component-4,99.2
STY0194,FSTY0194,YRN2013,YRN2013,8.0,Component-1,68.8
STY0194,FSTY0194,YRN1845,YRN1845,11.77,Component-4,86.4
STY0194,FSTY0194,YRN1033,YRN1033,7.15,Component-3,45.9
STY0194,FSTY0194,YRN1865,YRN1865,6.87,Component-5,25.6
STY0194,FSTY0194,YRN1445,YRN1445,12.48,Component-4,53.7
STY0195,FSTY0195,YRN1335,YRN1335,8.68,Component-1,36.8
STY0195,FSTY0195,YRN2181,YRN2181,8.34,Component-5,99.3
STY0195,FSTY0195,YRN1708,YRN1708,2.61,Component-2,74.5
STY0195,FSTY0195,YRN1293,YRN1293,10.32,Component-2,94.6
STY0195,FSTY0195,YRN1397,YRN1397,6.35,Component-5,17.7
STY0195,FSTY0195,YRN1297,YRN1297,5.19,Component-2,42.4
STY0195,FSTY0195,YRN1543,YRN1543,5.52,Component-2,66.5
STY0195,FSTY0195,YRN1596,YRN1596,0.99,Component-5,98.4
STY0196,FSTY0196,YRN1455,YRN1455,14.01,Component-2,38.1
STY0196,FSTY0196,YRN2127,YRN2127,7.42,Component-1,17.2
STY0196,FSTY0196,YRN1682,YRN1682,4.94,Component-5,18.6
STY0196,FSTY0196,YRN2131,YRN2131,4.34,Component-1,38.0
STY0196,FSTY0196,YRN1768,YRN1768,6.2,Component-1,10.5
STY0197,FSTY0197,YRN1889,YRN1889,0.97,Component-5,20.1
STY0197,FSTY0197,YRN1153,YRN1153,13.27,Component-1,80.0
STY0197,FSTY0197,YRN1655,YRN1655,7.97,Component-5,28.1
STY0198,FSTY0198,YRN2161,YRN2161,7.1,Component-1,46.8
STY0198,FSTY0198,YRN1119,YRN1119,14.42,Component-1,81.5
STY0199,FSTY0199,YRN2128,YRN2128,1.98,Component-3,76.6
STY0199,FSTY0199,YRN1508,YRN1508,5.58,Component-2,62.6
STY0199,FSTY0199,YRN1665,YRN1665,6.62,Component-1,86.8
STY0199,FSTY0199,YRN2018,YRN2018,0.54,Component-3,55.3
STY0200,FSTY0200,YRN1858,YRN1858,1.21,Component-1,55.2
STY0200,FSTY0200,YRN1742,YRN1742,14.32,Component-2,75.5
STY0201,FSTY0201,YRN1751,YRN1751,12.61,Component-4,72.6
STY0201,FSTY0201,YRN1288,YRN1288,11.84,Component-3,43.0
STY0201,FSTY0201,YRN2022,YRN2022,0.83,Component-4,31.1
STY0201,FSTY0201,YRN1640,YRN1640,13.25,Component-4,39.0
STY0202,FSTY0202,YRN2012,YRN2012,9.83,Component-4,20.9
STY0202,FSTY0202,YRN1890,YRN1890,1.49,Component-3,56.4
STY0202,FSTY0202,YRN1343,YRN1343,0.88,Component-2,75.4
STY0203,FSTY0203,YRN1490,YRN1490,13.3,Component-3,94.8
STY0203,FSTY0203,YRN2133,YRN2133,7.31,Component-5,13.2
STY0203,FSTY0203,YRN1511,YRN1511,0.86,Component-2,26.2
STY0204,FSTY0204,YRN1642,YRN1642,11.54,Component-2,34.6
STY0204,FSTY0204,YRN1650,YRN1650,3.74,Component-4,68.1
STY0204,FSTY0204,YRN1506,YRN1506,14.75,Component-3,19.0
STY0204,FSTY0204,YRN2126,YRN2126,5.74,Component-2,38.8
STY0205,FSTY0205,YRN2169,YRN2169,14.65,Component-4,10.3
STY0205,FSTY0205,YRN1844,YRN1844,0.88,Component-1,39.1
STY0205,FSTY0205,YRN1136,YRN1136,13.89,Component-5,38.1
STY0205,FSTY0205,YRN2161,YRN2161,4.76,Component-4,54.2
STY0205,FSTY0205,YRN1848,YRN1848,3.2,Component-2,49.7
STY0205,FSTY0205,YRN1773,YRN1773,1.09,Component-2,60.0
STY0206,FSTY0206,YRN1773,YRN1773,13.86,Component-1,50.5
STY0206,FSTY0206,YRN1556,YRN1556,7.1,Component-2,95.0
STY0206,FSTY0206,YRN1691,YRN1691,3.4,Component-3,29.4
STY0207,FSTY0207,YRN1851,YRN1851,11.3,Component-4,65.8
STY0207,FSTY0207,YRN1974,YRN1974,7.24,Component-2,56.7
STY0207,FSTY0207,YRN1945,YRN1945,6.02,Component-1,90.5
STY0207,FSTY0207,YRN1523,YRN1523,2.0,Component-4,73.4
STY0207,FSTY0207,YRN1168,YRN1168,9.11,Component-1,12.9
STY0207,FSTY0207,YRN1920,YRN1920,12.89,Component-2,28.0
STY0208,FSTY0208,YRN1808,YRN1808,8.29,Component-5,27.8
STY0208,FSTY0208,YRN2117,YRN2117,10.17,Component-1,43.9
STY0208,FSTY0208,YRN2196,YRN2196,9.2,Component-4,23.7
STY0208,FSTY0208,YRN1725,YRN1725,13.98,Component-1,51.9
STY0208,FSTY0208,YRN2175,YRN2175,8.11,Component-2,16.6
STY0209,FSTY0209,YRN1468,YRN1468,14.71,Component-1,42.5
STY0209,FSTY0209,YRN1748,YRN1748,11.0,Component-4,61.7
STY0209,FSTY0209,YRN1390,YRN1390,11.21,Component-1,85.6
STY0209,FSTY0209,YRN1266,YRN1266,3.49,Component-3,19.8
STY0209,FSTY0209,YRN1603,YRN1603,12.36,Component-4,87.7
STY0209,FSTY0209,YRN1069,YRN1069,2.7,Component-4,58.1
STY0209,FSTY0209,YRN1980,YRN1980,11.21,Component-3,94.6
STY0209,FSTY0209,YRN2004,YRN2004,9.01,Component-2,13.4
STY0210,FSTY0210,YRN1045,YRN1045,12.69,Component-3,16.8
STY0210,FSTY0210,YRN1093,YRN1093,3.38,Component-4,97.2
STY0210,FSTY0210,YRN1214,YRN1214,11.47,Component-4,30.5
STY0210,FSTY0210,YRN1282,YRN1282,11.3,Component-1,68.5
STY0210,FSTY0210,YRN1923,YRN1923,7.91,Component-1,83.9
STY0210,FSTY0210,YRN1769,YRN1769,11.48,Component-5,33.3
STY0210,FSTY0210,YRN1195,YRN1195,3.48,Component-3,79.4
STY0210,FSTY0210,YRN1143,YRN1143,10.51,Component-1,46.8
STY0211,FSTY0211,YRN1149,YRN1149,1.8,Component-5,14.0
STY0211,FSTY0211,YRN1717,YRN1717,5.2,Component-5,68.0
STY0212,FSTY0212,YRN1494,YRN1494,11.21,Component-4,62.6
STY0212,FSTY0212,YRN1909,YRN1909,6.16,Component-3,65.8
STY0212,FSTY0212,YRN1517,YRN1517,9.19,Component-5,86.7
STY0212,FSTY0212,YRN1562,YRN1562,12.06,Component-1,27.0
STY0212,FSTY0212,YRN1088,YRN1088,8.42,Component-3,42.6
STY0213,FSTY0213,YRN2113,YRN2113,6.39,Component-5,72.5
STY0213,FSTY0213,YRN1572,YRN1572,8.75,Component-3,18.4
STY0213,FSTY0213,YRN1196,YRN1196,7.04,Component-5,52.4
STY0214,FSTY0214,YRN1542,YRN1542,6.29,Component-1,65.7
STY0214,FSTY0214,YRN1175,YRN1175,3.09,Component-2,18.0
STY0214,FSTY0214,YRN1897,YRN1897,12.19,Component-2,13.6
STY0214,FSTY0214,YRN1798,YRN1798,8.59,Component-4,20.4
STY0214,FSTY0214,YRN1313,YRN1313,4.25,Component-3,26.8
STY0214,FSTY0214,YRN1110,YRN1110,14.65,Component-5,65.1
STY0214,FSTY0214,YRN1016,YRN1016,12.91,Component-5,82.1
STY0215,FSTY0215,YRN2049,YRN2049,3.6,Component-3,48.4
STY0215,FSTY0215,YRN1570,YRN1570,8.92,Component-3,41.3
STY0215,FSTY0215,YRN1126,YRN1126,10.32,Component-4,70.8
STY0215,FSTY0215,YRN1496,YRN1496,7.74,Component-4,58.7
STY0215,FSTY0215,YRN1750,YRN1750,6.97,Component-2,89.5
STY0215,FSTY0215,YRN1835,YRN1835,7.29,Component-2,90.5
STY0215,FSTY0215,YRN1762,YRN1762,12.91,Component-1,58.8
STY0215,FSTY0215,YRN1908,YRN1908,9.1,Component-1,22.4
STY0216,FSTY0216,YRN1621,YRN1621,0.94,Component-3,69.5
STY0216,FSTY0216,YRN2183,YRN2183,9.7,Component-4,14.1
STY0216,FSTY0216,YRN1967,YRN1967,13.4,Component-4,18.1
STY0216,FSTY0216,YRN1401,YRN1401,7.73,Component-1,17.3
STY0216,FSTY0216,YRN1982,YRN1982,5.8,Component-2,65.7
STY0216,FSTY0216,YRN2154,YRN2154,14.23,Component-3,32.0
STY0216,FSTY0216,YRN1771,YRN1771,4.85,Component-3,16.3
STY0216,FSTY0216,YRN1028,YRN1028,10.76,Component-5,98.1
STY0217,FSTY0217,YRN1722,YRN1722,8.08,Component-4,18.7
STY0217,FSTY0217,YRN1093,YRN1093,8.92,Component-5,74.5
STY0217,FSTY0217,YRN1483,YRN1483,3.18,Component-3,41.3
STY0217,FSTY0217,YRN1043,YRN1043,1.77,Component-5,14.9
STY0217,FSTY0217,YRN1504,YRN1504,10.71,Component-5,27.9
STY0218,FSTY0218,YRN2156,YRN2156,6.75,Component-1,27.6
STY0218,FSTY0218,YRN1620,YRN1620,11.79,Component-2,70.6
STY0218,FSTY0218,YRN1999,YRN1999,4.81,Component-1,74.0
STY0218,FSTY0218,YRN1353,YRN1353,13.05,Component-2,41.5
STY0219,FSTY0219,YRN1627,YRN1627,8.67,Component-1,31.8
STY0219,FSTY0219,YRN2148,YRN2148,9.99,Component-1,74.9
STY0219,FSTY0219,YRN2176,YRN2176,7.31,Component-3,56.3
STY0219,FSTY0219,YRN1239,YRN1239,7.82,Component-5,18.0
STY0219,FSTY0219,YRN1539,YRN1539,11.38,Component-4,57.7
STY0220,FSTY0220,YRN1080,YRN1080,3.75,Component-5,39.1
STY0220,FSTY0220,YRN1173,YRN1173,3.61,Component-5,27.1
STY0220,FSTY0220,YRN1558,YRN1558,12.14,Component-5,47.0
STY0220,FSTY0220,YRN1073,YRN1073,7.64,Component-2,36.9
STY0221,FSTY0221,YRN1724,YRN1724,7.86,Component-1,16.4
STY0221,FSTY0221,YRN1065,YRN1065,14.4,Component-5,26.8
STY0221,FSTY0221,YRN2103,YRN2103,5.69,Component-4,11.8
STY0221,FSTY0221,YRN2144,YRN2144,0.66,Component-2,27.7
STY0221,FSTY0221,YRN1391,YRN1391,10.85,Component-2,91.5
STY0221,FSTY0221,YRN2125,YRN2125,14.87,Component-4,30.0
STY0221,FSTY0221,YRN1334,YRN1334,4.93,Component-5,29.5
STY0221,FSTY0221,YRN1038,YRN1038,1.19,Component-4,77.8
STY0222,FSTY0222,YRN1005,YRN1005,8.85,Component-5,63.3
STY0222,FSTY0222,YRN1012,YRN1012,0.96,Component-5,58.0
STY0222,FSTY0222,YRN1773,YRN1773,9.1,Component-5,42.8
STY0222,FSTY0222,YRN1576,YRN1576,2.75,Component-1,48.8
STY0222,FSTY0222,YRN1675,YRN1675,5.85,Component-3,41.9
STY0222,FSTY0222,YRN1218,YRN1218,0.57,Component-4,34.8
STY0223,FSTY0223,YRN1695,YRN1695,8.63,Component-3,69.2
STY0223,FSTY0223,YRN1494,YRN1494,9.91,Component-3,69.4
STY0223,FSTY0223,YRN1171,YRN1171,5.31,Component-1,17.3
STY0224,FSTY0224,YRN1352,YRN1352,11.97,Component-3,11.5
STY0224,FSTY0224,YRN1153,YRN1153,13.4,Component-4,16.3
STY0224,FSTY0224,YRN1949,YRN1949,3.75,Component-4,68.2
STY0224,FSTY0224,YRN2190,YRN2190,7.76,Component-3,63.6
STY0225,FSTY0225,YRN2092,YRN2092,7.03,Component-1,54.4
STY0225,FSTY0225,YRN1308,YRN1308,11.32,Component-2,98.7
STY0225,FSTY0225,YRN2062,YRN2062,5.98,Component-1,13.3
STY0225,FSTY0225,YRN1950,YRN1950,6.2,Component-5,91.1
STY0226,FSTY0226,YRN2155,YRN2155,13.32,Component-5,28.1
STY0226,FSTY0226,YRN1535,YRN1535,7.86,Component-2,84.8
STY0227,FSTY0227,YRN1471,YRN1471,13.33,Component-2,49.1
STY0227,FSTY0227,YRN1779,YRN1779,13.65,Component-2,89.6
STY0227,FSTY0227,YRN1060,YRN1060,7.91,Component-1,62.1
STY0227,FSTY0227,YRN1423,YRN1423,4.21,Component-1,21.2
STY0228,FSTY0228,YRN1736,YRN1736,7.29,Component-4,17.8
STY0228,FSTY0228,YRN2134,YRN2134,9.65,Component-1,87.0
STY0228,FSTY0228,YRN1560,YRN1560,9.32,Component-5,16.7
STY0228,FSTY0228,YRN1799,YRN1799,5.15,Component-4,70.3
STY0228,FSTY0228,YRN1276,YRN1276,6.69,Component-2,20.5
STY0229,FSTY0229,YRN1060,YRN1060,9.5,Component-2,27.3
STY0229,FSTY0229,YRN1808,YRN1808,5.44,Component-2,88.1
STY0229,FSTY0229,YRN1230,YRN1230,12.15,Component-1,66.5
STY0229,FSTY0229,YRN1823,YRN1823,9.03,Component-2,46.6
STY0229,FSTY0229,YRN2106,YRN2106,2.41,Component-4,83.7
STY0230,FSTY0230,YRN1840,YRN1840,11.05,Component-1,57.4
STY0230,FSTY0230,YRN1453,YRN1453,7.88,Component-4,51.4
STY0230,FSTY0230,YRN2092,YRN2092,1.23,Component-5,26.2
STY0230,FSTY0230,YRN1018,YRN1018,13.59,Component-5,34.2
STY0230,FSTY0230,YRN1094,YRN1094,9.45,Component-4,57.5
STY0230,FSTY0230,YRN1283,YRN1283,5.68,Component-5,42.2
STY0231,FSTY0231,YRN1538,YRN1538,6.13,Component-1,68.3
STY0231,FSTY0231,YRN1266,YRN1266,3.36,Component-2,59.8
STY0232,FSTY0232,YRN1232,YRN1232,12.24,Component-1,78.8
STY0232,FSTY0232,YRN2059,YRN2059,14.12,Component-2,66.4
STY0232,FSTY0232,YRN2127,YRN2127,8.6,Component-2,73.3
STY0232,FSTY0232,YRN1590,YRN1590,14.45,Component-3,96.3
STY0232,FSTY0232,YRN1419,YRN1419,2.84,Component-5,36.7
STY0232,FSTY0232,YRN1451,YRN1451,12.03,Component-3,53.1
STY0233,FSTY0233,YRN2085,YRN2085,3.17,Component-2,22.3
STY0233,FSTY0233,YRN2046,YRN2046,8.16,Component-2,45.6
STY0233,FSTY0233,YRN2047,YRN2047,5.48,Component-1,18.2
STY0233,FSTY0233,YRN1040,YRN1040,14.74,Component-5,45.7
STY0233,FSTY0233,YRN1633,YRN1633,1.16,Component-4,83.3
STY0233,FSTY0233,YRN2121,YRN2121,12.37,Component-3,18.4
STY0233,FSTY0233,YRN1414,YRN1414,11.53,Component-3,57.7
STY0233,FSTY0233,YRN1012,YRN1012,14.19,Component-4,42.9
STY0234,FSTY0234,YRN1868,YRN1868,12.5,Component-3,17.2
STY0234,FSTY0234,YRN1170,YRN1170,1.58,Component-3,28.2
STY0234,FSTY0234,YRN1454,YRN1454,12.14,Component-2,36.1
STY0234,FSTY0234,YRN1443,YRN1443,14.21,Component-4,85.9
STY0234,FSTY0234,YRN2037,YRN2037,1.22,Component-5,67.2
STY0234,FSTY0234,YRN1173,YRN1173,3.27,Component-1,13.9
STY0234,FSTY0234,YRN1911,YRN1911,4.44,Component-3,63.4
STY0235,FSTY0235,YRN1578,YRN1578,10.99,Component-2,51.7
STY0235,FSTY0235,YRN1850,YRN1850,7.23,Component-4,88.4
STY0235,FSTY0235,YRN1673,YRN1673,2.19,Component-2,89.5
STY0235,FSTY0235,YRN1319,YRN1319,5.2,Component-4,36.3
STY0235,FSTY0235,YRN1084,YRN1084,8.17,Component-1,21.2
STY0235,FSTY0235,YRN1322,YRN1322,5.68,Component-4,34.3
STY0235,FSTY0235,YRN1805,YRN1805,11.8,Component-2,88.4
STY0235,FSTY0235,YRN1641,YRN1641,6.06,Component-1,42.2
STY0236,FSTY0236,YRN1079,YRN1079,10.51,Component-5,99.2
STY0236,FSTY0236,YRN1229,YRN1229,5.15,Component-1,56.8
STY0236,FSTY0236,YRN1553,YRN1553,5.62,Component-5,27.5
STY0236,FSTY0236,YRN1264,YRN1264,1.13,Component-3,18.9
STY0236,FSTY0236,YRN1309,YRN1309,9.9,Component-1,12.5
STY0236,FSTY0236,YRN2122,YRN2122,5.17,Component-5,21.4
STY0236,FSTY0236,YRN1157,YRN1157,2.6,Component-1,44.8
STY0236,FSTY0236,YRN2050,YRN2050,2.88,Component-3,37.2
STY0237,FSTY0237,YRN1911,YRN1911,9.88,Component-2,49.0
STY0237,FSTY0237,YRN2139,YRN2139,12.43,Component-2,62.2
STY0237,FSTY0237,YRN1135,YRN1135,2.32,Component-3,92.3
STY0237,FSTY0237,YRN1888,YRN1888,4.37,Component-5,40.6
STY0237,FSTY0237,YRN2100,YRN2100,8.89,Component-2,42.7
STY0237,FSTY0237,YRN1358,YRN1358,2.35,Component-3,27.9
STY0238,FSTY0238,YRN1489,YRN1489,1.42,Component-3,34.2
STY0238,FSTY0238,YRN1293,YRN1293,5.36,Component-4,19.9
STY0238,FSTY0238,YRN2084,YRN2084,3.42,Component-3,84.7
STY0238,FSTY0238,YRN2061,YRN2061,6.44,Component-3,57.2
STY0238,FSTY0238,YRN1693,YRN1693,1.63,Component-3,94.1
STY0238,FSTY0238,YRN1323,YRN1323,5.45,Component-5,13.9
STY0239,FSTY0239,YRN1840,YRN1840,2.53,Component-3,26.1
STY0239,FSTY0239,YRN1363,YRN1363,5.98,Component-4,19.5
STY0239,FSTY0239,YRN1262,YRN1262,12.95,Component-1,67.6
STY0239,FSTY0239,YRN2116,YRN2116,4.34,Component-1,61.7
STY0239,FSTY0239,YRN1781,YRN1781,9.35,Component-1,56.4
STY0240,FSTY0240,YRN1858,YRN1858,8.15,Component-1,48.3
STY0240,FSTY0240,YRN1291,YRN1291,3.61,Component-1,44.8
STY0240,FSTY0240,YRN1590,YRN1590,1.07,Component-5,50.7
STY0240,FSTY0240,YRN2062,YRN2062,14.85,Component-2,32.5
STY0240,FSTY0240,YRN2055,YRN2055,1.4,Component-1,87.5
STY0241,FSTY0241,YRN2073,YRN2073,7.73,Component-5,94.8
STY0241,FSTY0241,YRN2017,YRN2017,14.5,Component-2,95.3
STY0241,FSTY0241,YRN1011,YRN1011,8.71,Component-3,69.8
STY0241,FSTY0241,YRN1402,YRN1402,7.69,Component-4,22.7
STY0241,FSTY0241,YRN1096,YRN1096,13.75,Component-4,70.4
STY0242,FSTY0242,YRN1322,YRN1322,10.29,Component-3,46.9
STY0242,FSTY0242,YRN1172,YRN1172,1.06,Component-5,72.4
STY0242,FSTY0242,YRN2034,YRN2034,12.22,Component-3,24.5
STY0242,FSTY0242,YRN2195,YRN2195,3.8,Component-3,81.3
STY0243,FSTY0243,YRN1073,YRN1073,14.01,Component-2,87.9
STY0243,FSTY0243,YRN1990,YRN1990,7.84,Component-3,46.0
STY0243,FSTY0243,YRN1965,YRN1965,10.11,Component-1,17.8
STY0243,FSTY0243,YRN1281,YRN1281,13.09,Component-5,68.9
STY0243,FSTY0243,YRN1171,YRN1171,11.64,Component-3,71.2
STY0243,FSTY0243,YRN1000,YRN1000,3.47,Component-2,28.6
STY0243,FSTY0243,YRN2062,YRN2062,2.63,Component-4,45.4
STY0243,FSTY0243,YRN1052,YRN1052,14.06,Component-5,60.5
STY0244,FSTY0244,YRN1389,YRN1389,11.91,Component-3,47.3
STY0244,FSTY0244,YRN1781,YRN1781,6.04,Component-3,93.7
STY0244,FSTY0244,YRN1464,YRN1464,11.87,Component-5,15.9
STY0245,FSTY0245,YRN2177,YRN2177,4.6,Component-4,10.3
STY0245,FSTY0245,YRN1763,YRN1763,6.17,Component-5,72.2
STY0246,FSTY0246,YRN1434,YRN1434,1.38,Component-3,55.1
STY0246,FSTY0246,YRN1289,YRN1289,0.92,Component-2,86.5
STY0246,FSTY0246,YRN1390,YRN1390,10.23,Component-2,54.9
STY0246,FSTY0246,YRN1706,YRN1706,7.85,Component-5,57.9
STY0246,FSTY0246,YRN1687,YRN1687,11.18,Component-4,29.7
STY0247,FSTY0247,YRN2109,YRN2109,1.88,Component-5,94.5
STY0247,FSTY0247,YRN1035,YRN1035,4.88,Component-5,84.5
STY0247,FSTY0247,YRN1830,YRN1830,10.08,Component-2,80.1
STY0247,FSTY0247,YRN1700,YRN1700,14.51,Component-5,71.1
STY0247,FSTY0247,YRN2145,YRN2145,14.17,Component-1,79.2
STY0247,FSTY0247,YRN1448,YRN1448,5.41,Component-2,78.4
STY0247,FSTY0247,YRN1097,YRN1097,10.62,Component-4,48.8
STY0248,FSTY0248,YRN1761,YRN1761,1.69,Component-2,21.6
STY0248,FSTY0248,YRN1539,YRN1539,14.6,Component-5,78.9
STY0248,FSTY0248,YRN1267,YRN1267,1.16,Component-3,50.5
STY0248,FSTY0248,YRN1307,YRN1307,4.71,Component-4,77.1
STY0249,FSTY0249,YRN2127,YRN2127,7.15,Component-4,47.9
STY0249,FSTY0249,YRN1198,YRN1198,4.48,Component-2,21.7
STY0249,FSTY0249,YRN2089,YRN2089,12.76,Component-4,61.3
STY0249,FSTY0249,YRN2195,YRN2195,7.1,Component-5,83.7
STY0249,FSTY0249,YRN1561,YRN1561,8.46,Component-1,53.8
STY0249,FSTY0249,YRN1043,YRN1043,0.71,Component-4,53.2
STY0249,FSTY0249,YRN1801,YRN1801,7.42,Component-2,65.2
STY0250,FSTY0250,YRN1277,YRN1277,7.02,Component-3,80.7
STY0250,FSTY0250,YRN1986,YRN1986,8.94,Component-4,25.0
STY0251,FSTY0251,YRN1714,YRN1714,7.46,Component-2,29.0
STY0251,FSTY0251,YRN1280,YRN1280,0.88,Component-5,43.5
STY0251,FSTY0251,YRN1299,YRN1299,6.91,Component-1,33.8
STY0251,FSTY0251,YRN1094,YRN1094,12.48,Component-3,89.5
STY0251,FSTY0251,YRN2073,YRN2073,3.0,Component-3,49.0
STY0251,FSTY0251,YRN2059,YRN2059,6.06,Component-2,17.6
STY0251,FSTY0251,YRN1935,YRN1935,13.48,Component-2,82.7
STY0251,FSTY0251,YRN1591,YRN1591,6.49,Component-1,10.2
STY0252,FSTY0252,YRN1873,YRN1873,9.07,Component-5,99.3
STY0252,FSTY0252,YRN2092,YRN2092,7.85,Component-4,84.3
STY0253,FSTY0253,YRN1088,YRN1088,5.38,Component-3,47.9
STY0253,FSTY0253,YRN2093,YRN2093,10.66,Component-1,32.3
STY0253,FSTY0253,YRN1393,YRN1393,6.9,Component-4,65.3
STY0253,FSTY0253,YRN1745,YRN1745,1.67,Component-1,39.5
STY0254,FSTY0254,YRN1153,YRN1153,4.72,Component-2,59.3
STY0254,FSTY0254,YRN2190,YRN2190,3.44,Component-2,16.6
STY0255,FSTY0255,YRN1799,YRN1799,8.07,Component-2,24.2
STY0255,FSTY0255,YRN1724,YRN1724,12.99,Component-1,72.2
STY0255,FSTY0255,YRN1973,YRN1973,3.02,Component-4,73.0
STY0255,FSTY0255,YRN1448,YRN1448,7.64,Component-5,73.7
STY0255,FSTY0255,YRN1899,YRN1899,14.74,Component-4,30.2
STY0255,FSTY0255,YRN1863,YRN1863,8.98,Component-1,26.7
STY0255,FSTY0255,YRN1078,YRN1078,11.28,Component-1,42.9
STY0256,FSTY0256,YRN2040,YRN2040,10.8,Component-3,67.7
STY0256,FSTY0256,YRN1934,YRN1934,9.26,Component-5,57.1
STY0256,FSTY0256,YRN1274,YRN1274,9.94,Component-2,81.7
STY0257,FSTY0257,YRN1858,YRN1858,3.86,Component-5,98.7
STY0257,FSTY0257,YRN1626,YRN1626,2.97,Component-1,97.0
STY0257,FSTY0257,YRN2080,YRN2080,13.2,Component-3,98.6
STY0257,FSTY0257,YRN1838,YRN1838,11.44,Component-4,26.8
STY0257,FSTY0257,YRN2042,YRN2042,3.82,Component-5,96.1
STY0257,FSTY0257,YRN1871,YRN1871,0.57,Component-4,20.8
STY0258,FSTY0258,YRN2094,YRN2094,3.69,Component-3,13.2
STY0258,FSTY0258,YRN1877,YRN1877,14.07,Component-1,52.7
STY0258,FSTY0258,YRN1334,YRN1334,13.85,Component-5,54.5
STY0258,FSTY0258,YRN1476,YRN1476,6.14,Component-4,64.2
STY0259,FSTY0259,YRN1540,YRN1540,8.11,Component-1,97.6
STY0259,FSTY0259,YRN1391,YRN1391,6.64,Component-3,25.9
STY0259,FSTY0259,YRN1327,YRN1327,0.8,Component-4,67.6
STY0259,FSTY0259,YRN1298,YRN1298,0.82,Component-3,16.3
STY0259,FSTY0259,YRN1902,YRN1902,6.65,Component-1,76.0
STY0259,FSTY0259,YRN1389,YRN1389,10.0,Component-4,20.5
STY0259,FSTY0259,YRN1678,YRN1678,10.89,Component-2,58.7
STY0260,FSTY0260,YRN1729,YRN1729,14.65,Component-5,61.2
STY0260,FSTY0260,YRN1907,YRN1907,5.53,Component-3,19.0
STY0261,FSTY0261,YRN1195,YRN1195,5.73,Component-1,88.5
STY0261,FSTY0261,YRN2164,YRN2164,6.52,Component-3,73.9
STY0261,FSTY0261,YRN1126,YRN1126,10.97,Component-2,39.4
STY0261,FSTY0261,YRN1704,YRN1704,14.7,Component-1,63.3
STY0262,FSTY0262,YRN1163,YRN1163,9.86,Component-2,86.8
STY0262,FSTY0262,YRN2101,YRN2101,9.34,Component-1,66.8
STY0263,FSTY0263,YRN2090,YRN2090,13.57,Component-4,43.4
STY0263,FSTY0263,YRN1149,YRN1149,9.28,Component-1,24.3
STY0263,FSTY0263,YRN1298,YRN1298,5.18,Component-2,25.3
STY0264,FSTY0264,YRN1643,YRN1643,10.58,Component-3,23.8
STY0264,FSTY0264,YRN1156,YRN1156,8.74,Component-4,76.8
STY0264,FSTY0264,YRN1552,YRN1552,8.25,Component-5,39.1
STY0264,FSTY0264,YRN1158,YRN1158,6.43,Component-5,81.5
STY0264,FSTY0264,YRN1355,YRN1355,0.74,Component-4,74.4
STY0265,FSTY0265,YRN1673,YRN1673,4.36,Component-5,94.3
STY0265,FSTY0265,YRN1994,YRN1994,9.65,Component-5,11.0
STY0265,FSTY0265,YRN1713,YRN1713,10.21,Component-3,59.1
STY0265,FSTY0265,YRN1947,YRN1947,13.34,Component-2,58.6
STY0265,FSTY0265,YRN2197,YRN2197,7.72,Component-1,57.6
STY0265,FSTY0265,YRN1595,YRN1595,1.65,Component-4,25.2
STY0266,FSTY0266,YRN1640,YRN1640,13.4,Component-5,58.0
STY0266,FSTY0266,YRN1499,YRN1499,12.33,Component-1,83.6
STY0266,FSTY0266,YRN1096,YRN1096,8.89,Component-1,39.4
STY0266,FSTY0266,YRN1491,YRN1491,4.86,Component-3,40.2
STY0267,FSTY0267,YRN1409,YRN1409,12.55,Component-1,62.2
STY0267,FSTY0267,YRN1781,YRN1781,4.48,Component-2,55.7
STY0268,FSTY0268,YRN1811,YRN1811,9.83,Component-2,14.2
STY0268,FSTY0268,YRN1655,YRN1655,10.7,Component-1,77.7
STY0268,FSTY0268,YRN2138,YRN2138,14.19,Component-5,45.0
STY0268,FSTY0268,YRN1632,YRN1632,6.15,Component-1,46.9
STY0269,FSTY0269,YRN1777,YRN1777,3.16,Component-3,57.3
STY0269,FSTY0269,YRN1401,YRN1401,4.62,Component-4,32.2
STY0269,FSTY0269,YRN1524,YRN1524,11.25,Component-3,57.1
STY0269,FSTY0269,YRN1179,YRN1179,5.73,Component-4,20.4
STY0269,FSTY0269,YRN1918,YRN1918,1.12,Component-4,41.5
STY0269,FSTY0269,YRN2199,YRN2199,14.17,Component-1,53.2
STY0269,FSTY0269,YRN1805,YRN1805,9.17,Component-1,18.4
STY0270,FSTY0270,YRN1253,YRN1253,5.93,Component-5,90.4
STY0270,FSTY0270,YRN2191,YRN2191,12.79,Component-5,90.9
STY0270,FSTY0270,YRN1069,YRN1069,8.59,Component-4,57.7
STY0270,FSTY0270,YRN1354,YRN1354,11.43,Component-1,48.1
STY0271,FSTY0271,YRN1894,YRN1894,1.45,Component-3,84.7
STY0271,FSTY0271,YRN1399,YRN1399,11.51,Component-5,36.6
STY0271,FSTY0271,YRN2024,YRN2024,0.9,Component-3,71.4
STY0271,FSTY0271,YRN1968,YRN1968,5.62,Component-5,85.6
STY0271,FSTY0271,YRN1735,YRN1735,3.36,Component-4,86.3
STY0271,FSTY0271,YRN2171,YRN2171,1.8,Component-2,71.7
STY0272,FSTY0272,YRN1218,YRN1218,12.91,Component-5,51.2
STY0272,FSTY0272,YRN1213,YRN1213,3.08,Component-5,50.5
STY0272,FSTY0272,YRN1718,YRN1718,9.9,Component-2,18.2
STY0272,FSTY0272,YRN1697,YRN1697,14.72,Component-3,12.9
STY0272,FSTY0272,YRN2183,YRN2183,14.24,Component-3,80.7
STY0272,FSTY0272,YRN1256,YRN1256,5.14,Component-2,56.5
STY0272,FSTY0272,YRN1021,YRN1021,6.06,Component-3,74.8
STY0273,FSTY0273,YRN2189,YRN2189,1.79,Component-3,75.3
STY0273,FSTY0273,YRN1542,YRN1542,4.01,Component-3,64.3
STY0273,FSTY0273,YRN1356,YRN1356,4.65,Component-5,60.7
STY0273,FSTY0273,YRN1149,YRN1149,6.7,Component-3,31.4
STY0274,FSTY0274,YRN2017,YRN2017,14.04,Component-3,26.1
STY0274,FSTY0274,YRN1612,YRN1612,4.88,Component-2,37.6
STY0274,FSTY0274,YRN1845,YRN1845,10.16,Component-5,40.1
STY0274,FSTY0274,YRN1385,YRN1385,0.53,Component-5,38.7
STY0274,FSTY0274,YRN1879,YRN1879,2.47,Component-2,44.8
STY0275,FSTY0275,YRN1233,YRN1233,4.31,Component-2,54.5
STY0275,FSTY0275,YRN2012,YRN2012,11.34,Component-5,42.7
STY0275,FSTY0275,YRN1470,YRN1470,6.58,Component-3,95.2
STY0275,FSTY0275,YRN1280,YRN1280,13.52,Component-4,29.3
STY0275,FSTY0275,YRN1108,YRN1108,3.75,Component-5,53.0
STY0276,FSTY0276,YRN1301,YRN1301,0.66,Component-4,85.2
STY0276,FSTY0276,YRN1218,YRN1218,9.27,Component-5,76.9
STY0276,FSTY0276,YRN1177,YRN1177,11.5,Component-5,28.4
STY0276,FSTY0276,YRN2021,YRN2021,6.6,Component-3,60.5
STY0276,FSTY0276,YRN1421,YRN1421,11.42,Component-1,29.5
STY0276,FSTY0276,YRN1225,YRN1225,8.68,Component-2,98.8
STY0276,FSTY0276,YRN1969,YRN1969,14.57,Component-5,89.8
STY0277,FSTY0277,YRN1290,YRN1290,5.13,Component-4,10.3
STY0277,FSTY0277,YRN1103,YRN1103,13.56,Component-2,13.4
STY0277,FSTY0277,YRN2091,YRN2091,14.55,Component-4,13.1
STY0277,FSTY0277,YRN1481,YRN1481,4.47,Component-2,35.3
STY0277,FSTY0277,YRN1786,YRN1786,11.28,Component-1,82.1
STY0277,FSTY0277,YRN1967,YRN1967,8.42,Component-3,37.9
STY0278,FSTY0278,YRN1793,YRN1793,3.54,Component-1,69.8
STY0278,FSTY0278,YRN1627,YRN1627,13.67,Component-4,66.0
STY0278,FSTY0278,YRN1503,YRN1503,4.38,Component-4,88.7
STY0279,FSTY0279,YRN1681,YRN1681,6.4,Component-3,15.1
STY0279,FSTY0279,YRN1761,YRN1761,2.61,Component-3,78.8
STY0280,FSTY0280,YRN2123,YRN2123,4.47,Component-3,19.9
STY0280,FSTY0280,YRN2188,YRN2188,14.41,Component-4,89.0
STY0280,FSTY0280,YRN1871,YRN1871,14.96,Component-4,38.2
STY0281,FSTY0281,YRN1373,YRN1373,10.12,Component-1,60.5
STY0281,FSTY0281,YRN2119,YRN2119,8.93,Component-1,76.7
STY0281,FSTY0281,YRN1855,YRN1855,5.11,Component-5,34.6
STY0281,FSTY0281,YRN1311,YRN1311,3.45,Component-4,96.6
STY0281,FSTY0281,YRN1297,YRN1297,11.36,Component-3,80.6
STY0282,FSTY0282,YRN1185,YRN1185,10.47,Component-2,54.7
STY0282,FSTY0282,YRN1125,YRN1125,10.52,Component-2,78.3
STY0282,FSTY0282,YRN2130,YRN2130,10.32,Component-1,24.3
STY0282,FSTY0282,YRN1160,YRN1160,13.62,Component-4,26.1
STY0282,FSTY0282,YRN1445,YRN1445,7.19,Component-3,54.0
STY0282,FSTY0282,YRN1754,YRN1754,14.22,Component-5,52.0
STY0283,FSTY0283,YRN1943,YRN1943,4.94,Component-4,22.4
STY0283,FSTY0283,YRN1046,YRN1046,2.52,Component-5,18.0
STY0283,FSTY0283,YRN1200,YRN1200,7.93,Component-1,40.4
STY0284,FSTY0284,YRN1242,YRN1242,11.47,Component-5,59.4
STY0284,FSTY0284,YRN1088,YRN1088,2.74,Component-2,21.8
STY0284,FSTY0284,YRN1889,YRN1889,0.76,Component-3,91.0
STY0284,FSTY0284,YRN1465,YRN1465,9.65,Component-2,11.5
STY0284,FSTY0284,YRN1472,YRN1472,6.25,Component-3,56.2
STY0284,FSTY0284,YRN1943,YRN1943,9.78,Component-2,63.9
STY0284,FSTY0284,YRN1570,YRN1570,2.9,Component-4,91.0
STY0285,FSTY0285,YRN1009,YRN1009,1.6,Component-4,13.2
STY0285,FSTY0285,YRN1495,YRN1495,7.5,Component-1,99.8
STY0285,FSTY0285,YRN1691,YRN1691,8.85,Component-4,29.5
STY0285,FSTY0285,YRN1152,YRN1152,1.47,Component-4,37.0
STY0285,FSTY0285,YRN1130,YRN1130,11.82,Component-4,61.9
STY0286,FSTY0286,YRN1759,YRN1759,8.41,Component-1,42.0
STY0286,FSTY0286,YRN1876,YRN1876,3.12,Component-4,49.9
STY0286,FSTY0286,YRN1922,YRN1922,8.76,Component-4,14.2
STY0286,FSTY0286,YRN2152,YRN2152,0.95,Component-5,43.7
STY0287,FSTY0287,YRN2174,YRN2174,1.45,Component-4,15.2
STY0287,FSTY0287,YRN1243,YRN1243,9.85,Component-3,84.7
STY0287,FSTY0287,YRN1364,YRN1364,2.25,Component-3,71.5
STY0287,FSTY0287,YRN1737,YRN1737,1.59,Component-1,65.9
STY0287,FSTY0287,YRN1713,YRN1713,10.75,Component-5,54.2
STY0287,FSTY0287,YRN2065,YRN2065,4.76,Component-3,95.9
STY0288,FSTY0288,YRN1419,YRN1419,0.82,Component-1,23.1
STY0288,FSTY0288,YRN1185,YRN1185,5.65,Component-4,30.3
STY0288,FSTY0288,YRN1254,YRN1254,11.93,Component-4,44.9
STY0288,FSTY0288,YRN1684,YRN1684,7.25,Component-3,90.7
STY0288,FSTY0288,YRN1591,YRN1591,11.13,Component-4,14.5
STY0288,FSTY0288,YRN1098,YRN1098,14.2,Component-2,42.8
STY0289,FSTY0289,YRN1384,YRN1384,11.23,Component-2,74.6
STY0289,FSTY0289,YRN1657,YRN1657,3.18,Component-3,41.9
STY0290,FSTY0290,YRN1435,YRN1435,14.82,Component-3,11.6
STY0290,FSTY0290,YRN1759,YRN1759,4.63,Component-1,84.2
STY0290,FSTY0290,YRN2018,YRN2018,5.83,Component-3,86.3
STY0290,FSTY0290,YRN1341,YRN1341,3.4,Component-5,85.8
STY0291,FSTY0291,YRN1109,YRN1109,1.94,Component-3,45.4
STY0291,FSTY0291,YRN1684,YRN1684,10.5,Component-3,47.2
STY0292,FSTY0292,YRN2061,YRN2061,13.17,Component-4,16.3
STY0292,FSTY0292,YRN1577,YRN1577,9.23,Component-3,29.2
STY0292,FSTY0292,YRN1625,YRN1625,10.77,Component-2,35.8
STY0293,FSTY0293,YRN1252,YRN1252,5.1,Component-1,11.1
STY0293,FSTY0293,YRN2090,YRN2090,8.81,Component-5,79.7
STY0293,FSTY0293,YRN1747,YRN1747,14.3,Component-5,17.4
STY0293,FSTY0293,YRN1107,YRN1107,11.4,Component-5,77.0
STY0294,FSTY0294,YRN1162,YRN1162,11.92,Component-2,83.7
STY0294,FSTY0294,YRN2171,YRN2171,2.85,Component-3,30.9
STY0294,FSTY0294,YRN2126,YRN2126,14.97,Component-1,18.0
STY0294,FSTY0294,YRN1644,YRN1644,14.42,Component-2,32.6
STY0294,FSTY0294,YRN1656,YRN1656,7.62,Component-3,21.2
STY0294,FSTY0294,YRN1117,YRN1117,13.31,Component-1,41.2
STY0294,FSTY0294,YRN1707,YRN1707,14.12,Component-2,28.6
STY0294,FSTY0294,YRN1525,YRN1525,5.8,Component-3,24.9
STY0295,FSTY0295,YRN1515,YRN1515,12.34,Component-5,51.8
STY0295,FSTY0295,YRN1577,YRN1577,2.66,Component-5,73.8
STY0295,FSTY0295,YRN1510,YRN1510,3.91,Component-3,41.4
STY0295,FSTY0295,YRN1677,YRN1677,3.25,Component-5,67.8
STY0295,FSTY0295,YRN1761,YRN1761,4.48,Component-4,91.4
STY0295,FSTY0295,YRN1251,YRN1251,4.58,Component-4,37.4
STY0295,FSTY0295,YRN1889,YRN1889,14.21,Component-2,35.3
STY0296,FSTY0296,YRN1569,YRN1569,2.21,Component-5,70.4
STY0296,FSTY0296,YRN1125,YRN1125,5.56,Component-1,47.0
STY0296,FSTY0296,YRN1915,YRN1915,7.87,Component-4,82.5
STY0296,FSTY0296,YRN1434,YRN1434,11.74,Component-2,81.1
STY0297,FSTY0297,YRN1858,YRN1858,5.45,Component-1,85.6
STY0297,FSTY0297,YRN2056,YRN2056,13.81,Component-1,84.1
STY0298,FSTY0298,YRN1612,YRN1612,11.35,Component-3,23.6
STY0298,FSTY0298,YRN1029,YRN1029,3.65,Component-1,35.3
STY0299,FSTY0299,YRN1906,YRN1906,5.49,Component-1,99.6
STY0299,FSTY0299,YRN1461,YRN1461,1.53,Component-5,47.5
STY0299,FSTY0299,YRN1168,YRN1168,8.12,Component-2,72.0
STY0299,FSTY0299,YRN1966,YRN1966,10.95,Component-1,36.3
STY0300,FSTY0300,YRN1338,YRN1338,12.98,Component-3,94.6
STY0300,FSTY0300,YRN1063,YRN1063,4.58,Component-1,97.3
STY0300,FSTY0300,YRN1587,YRN1587,11.3,Component-5,28.1
STY0300,FSTY0300,YRN1641,YRN1641,12.04,Component-1,99.3
STY0300,FSTY0300,YRN1101,YRN1101,6.41,Component-4,63.4
